管理id,アクアマリン,ルビー,トウキョウリメイク,R7新年会版,R7正式版,除外,管理ID_初年度登録,管理ID_バイク,管理ID_パッケージ,エントリー日,name,連絡,sns,情報,写真,なまえ,都道府県,身長,メーカー名情報,車種名情報,年式情報,オーナー備考,name_alph,エントリーNo.,pass_photo,pass_bg_maker,,US作業,UG作業,型番,メーカー,_メーカーAlph,_メーカー国,車種1,車種2,馬力ps,燃費km/l,燃費注釈,シートmm,全長mm,乾燥重量,装備重量,車重kg,車重の注釈,価格yen,税別価格,税率,税込価格yen,価格注釈,年式year,年式注釈,排気量,排気量単位,ミッション,気筒数,エンジンモーター,情報ソースURL,備考,,pass_bg_class,pass_back,確率,,pic_path
-,,,,,,除外,,,,,ウワガキ,オフ,local,local,local,ウワガキ,神奈川県,170,BMW,C600 Sport,2015,,uwagaki,test1,-.jpg,, ,,-,EBL-C65AA,ビーエムダブリュー,BMW,ドイツ,C600 Sport,,60,23,,810,2170,,,246,※乾燥重量,112,,,,希望小売価格,2015,日本仕様,647,cc,AT,2,4st,,,,src/img/bg_large.svg,src/img/back_large.svg,,,
-,,,,,,除外,,,,,ウシ,オフ,local,local,local,ウシ,神奈川県,168,Honda,CB400 SUPER FOUR HYPER VTEC Ⅲ,2003,,usi,test2,-.jpg,, ,,-,BC-NC39,ホンダ,HONDA,日本,CB400,SUPER FOUR HYPER VTEC Ⅲ,53,15,,755,2080,,,174,※乾燥重量,77,,,,希望小売価格,2003,日本仕様,399cc,cc,MT,4,4st,,,,src/img/bg_large.svg,src/img/back_large.svg,,,
-,,,,,,除外,,,,,ヨシタカ,オフ,local,local,local,ヨシタカ,東京都,168,Suzuki,Hayabusa,2006,,yoshitaka,test3,-.jpg,, ,,-,,スズキ,SUZUKI,日本,Hayabusa,,188,15,,800,2180,,,264,※乾燥重量,216,,,,希望小売価格,1999,日本仕様,1338,cc,MT,4,4st,,,,src/img/bg_large.svg,src/img/back_large.svg,,,
-,,,,,,除外,,,,,ヨシタカ,オフ,local,local,local,ヨシタカ,東京都,168,Suzuki,Hayabusa,2006,,yoshitaka,test4,-.jpg,, ,,-,,スズキ,SUZUKI,日本,Hayabusa,,188,15,,800,2180,,,264,※乾燥重量,216,,,,希望小売価格,1999,日本仕様,1338,cc,MT,4,4st,,,,src/img/bg_large.svg,src/img/back_large.svg,,,
-,,,,,,除外,,,,-,ヨシタカ,オフ,local,local,local,ヨシタカ,東京都,168,Suzuki,Hayabusa,2006,,yoshitaka,test5,-.jpg,, ,,-,GX72A後期,スズキ,SUZUKI,日本,Hayabusa,,188,15,,800,2180,,,264,※乾燥重量,216,,,,希望小売価格,1999,日本仕様,1338,cc,MT,4,4st,,,,src/img/bg_large.svg,src/img/back_large.svg,,,
-,,,,,,除外,,,,,,,,,,,,,,,,,,1,-.jpg,, ,,,,,#N/A,#N/A,,,,,優先：１WMTC、２実燃費（みんカラ）、３実燃費（ブログや個人サイトで信憑性ありそうなもの）４，どうしてもなかったら持ち主に丸投げ,　,,,,,優先：１乾燥、２装備,　,,,,優先：１新車、２中古相場価格税込,　,基本は、日本仕様,　,,,,,,,,src/img/bg_large.svg,src/img/back_large.svg,,,
0001,○,,,○,〇,,TMR05,0001,AR,-,ウワガキ,オフ,local,local,local,@ウワガキみわた,神奈川県,170cm,BMW,C600 Sport,2015,,uwagaki,1,src/img/bike_0001.jpg,src/img/bg_ビーエムダブリュー.svg, ,ok,ok,EBL-C65AA,ビーエムダブリュー,BMW,ドイツ,C600 Sport,,60,23,WMTC値燃費,810,2170,231,246,246,装備重量車重,112,112,8%,121,希望小売価格,2015,日本仕様,647,cc,AT,2,4st,"https://www.bikebros.co.jp/catalog/7/6_3/
https://www.virginbmw.com/technical/technical08/tc08-05/#:~:text=%E3%80%90C600Sport%E3%80%91%20%E5%85%A8%E9%95%B7%202%2C155mm%E3%80%81,%E3%82%B9%E3%83%86%E3%83%83%E3%83%97%E3%81%8C%E8%A3%85%E5%82%99%E3%81%95%E3%82%8C%E3%82%8B%E3%80%82",,,src/img/bg_large.svg,src/img/back_large.svg,1.75%,1.56%,
0002,,◆,,,,,TMR05,0002,AR,-,ウワガキ,オフ,local,local,local,@ウワガキみわた,神奈川県,170cm,Yamaha,TMAX,2005,,uwagaki,2,src/img/bike_0002.jpg,src/img/bg_ヤマハ.svg, ,ok,ok,BC-SJ04J,ヤマハ,YAMAHA,日本,TMAX,,38,19,実燃費（投稿サイト情報）,795,2235,205,225,225,装備重量車重,40,,,40,中古相場価格税込,2005,日本仕様,499,cc,AT,2,4st,"https://ok.goobike.com/catalog/list/detail/index?bike_maker_cd=2&bike_series_cd=67&bike_cd=1&bike_model_id=8602
https://www.bikebros.co.jp/catalog/2/67_1/#spec_top",,,src/img/bg_large.svg,src/img/back_large.svg,,,
0003,,◆,,,,,TMR05,0003,AR,,ウワガキ,オフ,local,local,local,@ウワガキみわた,神奈川県,170cm,Kymco,AGILITY 125,2009,,uwagaki,3,src/img/bike_0003.jpg,src/img/bg_キムコ.svg, ,ok※車両重量不明,,,キムコ,KYMCO,台湾,AGILITY 125,,9,31,実燃費（個人サイト情報）,790,1980,121.5,,121.5,乾燥重量車重,27,27,5%,28,希望小売価格,2009,日本仕様,125,cc,AT,1,4st,"https://www.weblio.jp/content/Agility+125
https://www.bikebros.co.jp/catalog/41/10_3/",,,src/img/bg_small.svg,src/img/back_small.svg,1.75%,1.56%,
0004,,◆,,,,,TMR05,0004,AR,,ウワガキ,オフ,local,local,local,@ウワガキみわた,神奈川県,170cm,Kawasaki,KLX250ES,1994,,uwagaki,4,src/img/bike_0004.jpg,src/img/bg_カワサキ.svg, ,ok,,LX250E,カワサキ,KAWASAKI,日本,KLX250ES,,30,23,実燃費（投稿サイト情報）,885,2135,119,133,133,装備重量車重,46,46,,47,希望小売価格,1994,日本仕様,249,cc,MT,1,4st,"https://www.bikebros.co.jp/catalog/4/40_14/#spec_top
https://www.autoby.jp/_ct/17321322/album/16787846/image/16860209",,,src/img/bg_medium.svg,src/img/back_medium.svg,1.75%,1.56%,
0005,,◆,,,,,TMR05,0005,AR,,ウワガキ,オフ,local,local,local,@ウワガキみわた,神奈川県,170cm,Suzuki,SV400S,1998,,uwagaki,5,src/img/bike_0005.jpg,src/img/bg_スズキ.svg, ,ok,,GK53A,スズキ,SUZUKI,日本,SV400S,,53,23,実燃費（投稿サイト情報）,785,2070,163,184,184,装備重量車重,66,65.6,,69,希望小売価格,1998,日本仕様,399,cc,MT,2,4st,"https://www.webike.net/bike/625/service/
https://minkara.carview.co.jp/car/suzuki/sv400-s/nenpi/",,,src/img/bg_medium.svg,src/img/back_medium.svg,1.75%,1.56%,
0006,○,,,○,〇,,TMR05,0006,AR,-,ウワガキ,オフ,local,local,local,@ウワガキみわた,神奈川県,170cm,Kawasaki,KDX125SR,1990,,uwagaki,6,src/img/bike_0006.jpg,src/img/bg_カワサキ.svg, ,ok,,KDX125A(DX125A),カワサキ,KAWASAKI,日本,KDX125SR,,22,19,実燃費（投稿サイト情報）,860,2215,104,117,117,装備重量車重,34,34,3%,35,希望小売価格,1990,日本仕様,124,cc,MT,1,2st,https://www.webike.net/bike/350/service/g3323/,,,src/img/bg_small.svg,src/img/back_small.svg,,,
0007,,◆,,,,,TMR05,0007,AR,-,ウワガキ,オフ,local,local,local,@ウワガキみわた,神奈川県,170cm,Suzuki,SKYWAVE 250 TypeⅠ,1998,,uwagaki,7,src/img/bike_0007.jpg,src/img/bg_スズキ.svg, ,ok,,CJ42A,スズキ,SUZUKI,日本,SKYWAVE 250,TypeⅠ,23,25,実燃費（投稿サイト情報）,695,2260,159,175,175,装備重量車重,55,54.9,,58,希望小売価格,1998,日本仕様,249,cc,AT,1,4st,"http://bikey.web.fc2.com/data/skywave250.htm
https://www.webike.net/bike/597/service/6218/
https://www.webike.net/bike/597/service/g2812/",,,src/img/bg_medium.svg,src/img/back_medium.svg,1.75%,1.56%,
0008,△,,,○,,,TMR05,0008,AR,,ウシ,オフ,local,local,local,@ウシさいとう,神奈川県,168cm,Yamaha,XMAX-R,2019,,usi,8,src/img/bike_0008.jpg,src/img/bg_ヤマハ.svg, ,ok※パラメ少し修正。乾燥重量不明。,ok,2BK-SG42J,ヤマハ,YAMAHA,日本,XMAX-R,,27,34,WMTC値燃費,795,2185,,174,174,装備重量車重,80,80.4,,80,希望小売価格,2019,日本仕様,249,cc,AT,1,4st,"https://www.webike.net/bike/6036/service/g13753/
http://www.ysp-top.co.jp/bike/img/complete/xmaxr/xmaxr.pdf",,,src/img/bg_medium.svg,src/img/back_medium.svg,1.75%,1.56%,
0009,○,,,○,〇,,TMR05,0009,AR,,ウシ,オフ,local,local,local,@ウシさいとう,神奈川県,168cm,Honda,CB400 SUPER FOUR HYPER VTEC Ⅲ,2003,,usi,9,src/img/bike_0009.jpg,src/img/bg_ホンダ.svg, ,ok,,BC-NC39,ホンダ,HONDA,日本,CB400,SUPER FOUR HYPER VTEC Ⅲ,53,15,実燃費（オーナー情報）,755,2080,168,188,188,装備重量車重,77,77,5%,81,希望小売価格,2003,日本仕様,399,cc,MT,4,4st,https://www.honda.co.jp/news/1999/2990222.html,,,src/img/bg_medium.svg,src/img/back_medium.svg,,,
0010,○,,,,,,TMR05,0010,AR,,ヒゲ,オフ,local,local,local,@ヒゲ,神奈川県,178cm,Yamaha,YZF-R3,2003,,hige,10,src/img/bike_0010.jpg,src/img/bg_ヤマハ.svg, ,ok※乾燥重量不明,UG持ち主に最終確認,8BL-RH21J,ヤマハ,YAMAHA,日本,YZF-R3,Movistar Yamaha MotoGP Edition,42,25,WMTC値燃費,780,2090,,169,169,装備重量車重,54,54,10%,60,希望小売価格,2019,日本仕様,320,cc,MT,2,4st,https://www.yamaha-motor.co.jp/mc/lineup/yzf-r25/spec.html,,,src/img/bg_medium.svg,src/img/back_medium.svg,1.75%,1.56%,
0011,△,,,,,,TMR05,0011,AR,,ヒゲ,オフ,local,local,local,@ヒゲ,神奈川県,178cm,Yamaha,VMAX,1995(カナダ),,hige,11,src/img/bike_0011.jpg,src/img/bg_ヤマハ.svg, ,ok,,3UF,ヤマハ,YAMAHA,日本,VMAX,,97,13,実燃費（投稿サイト情報）,765,2300,264,283,283,装備重量車重,92,91.6,,94,希望小売価格,1995,※カナダ,1197,cc,MT,4,4st,"https://bike-lineage.org/yamaha/vmax/vmax12.html
http://www.mr-bike.jp/feature/vmax/06_taizen/06-5.html",,,src/img/bg_large.svg,src/img/back_large.svg,,,
0012,,,,,,,TMR05,0012,AR,,ヒゲ,オフ,local,local,local,@ヒゲ,神奈川県,178cm,Kawasaki,250TR,2003,,hige,12,src/img/bike_0012.jpg,src/img/bg_カワサキ.svg, ,ok,,,カワサキ,KAWASAKI,日本,250TR,,19,27,実燃費（投稿サイト情報）,775,2100,134,144,144,装備重量車重,35,35,,37,希望小売価格,2003,日本仕様,249,cc,MT,1,4st,https://www.webike.net/bike/358/service/2030/,,,src/img/bg_medium.svg,src/img/back_medium.svg,1.75%,3.13%,
0013,,◆,,,,,TMR05,0013,AR,2023/04/17,酢酸ソイソース,投稿,https://twitter.com/rottedsoy,https://twitter.com/rottedsoy/status/1647756156214087680?t=2QL5CyalYdNYzXZRo-9JHQ&s=19,https://twitter.com/rottedsoy/status/1647756156214087680?t=UIoCwDRp4N01ORtU26P8Gg&s=19,@さくさんソイソース,大阪府,171cm,YAMAHA,BW80,1987,燃費→20km/Lくらいですかね,soiso-su,13,src/img/bike_0013.jpg,src/img/bg_ヤマハ.svg, ,ok※注釈あり,UG持ち主に最終確認,BP7HS,ヤマハ,YAMAHA,日本,BW80,,5,20,実燃費（オーナー情報）,630,1575,66,,66,乾燥重量車重,25,,,25,中古相場価格税込,1987,日本仕様,79,cc,MT,1,2st,https://global.yamaha-motor.com/jp/stories/history/products/img/mc/AP000037655.pdf,,,src/img/bg_small.svg,src/img/back_small.svg,,,
0014,○,○,,○,,,TMR05,0014,AR,2023/04/18,チャウチャウ男爵,投稿,https://twitter.com/chowchowbaron,https://twitter.com/chowchowbaron/status/1648274935742369793?s=200,https://twitter.com/chowchowbaron/status/1648274935742369793?s=20,@チャウチャウ,神奈川県,181cm,Bluroc 旧社名Bullit,ヒーロー50,2020,,chauchau,14,src/img/bike_0014.jpg,src/img/bg_ブリット.svg, ,ok※注釈あり,ok,,ブリット,Bullit,ベルギー,ヒーロー50,,4,44,実燃費（オーナー情報）,800,2020,,121,121,装備重量車重,44,44,10%,48,希望小売価格,2020,日本仕様,50,cc,MT,1,4st,https://www.bikebros.co.jp/catalog/270/999_2/,,,src/img/bg_small.svg,src/img/back_small.svg,1.75%,1.56%,
0015,△,,,○,,,TMR05,0015,AR,2023/04/18,チャウチャウ男爵,投稿,同上,同上,同上,@チャウチャウ,神奈川県,181cm,honda,SOLO,2003,,chauchau,15,src/img/bike_0015.jpg,src/img/bg_ホンダ.svg, ,ok,ok,BA-AC17,ホンダ,HONDA,日本,SOLO,,4,50,実燃費（投稿サイト情報）,730,1995,73,77,77,装備重量車重,20,19.9,,21,希望小売価格,2003,日本仕様,49,cc,AT,1,4st,"https://www.bikebros.co.jp/catalog/1/125_1/
https://www.honda.co.jp/news/2003/2030305-solo.html",,,src/img/bg_small.svg,src/img/back_small.svg,1.75%,1.56%,
0016,△,,,,,,TMR05,0016,AR,2023/04/18,チャウチャウ男爵,投稿,同上,同上,同上,@チャウチャウ,神奈川県,181cm,アプリリア,クラシック50,1995,,chauchau,16,src/img/bike_0016.jpg,src/img/bg_アプリリア.svg, ,ok※注釈あり,ok,,アプリリア,Aprilia,イタリア,クラシック50,,9,32,実燃費（オーナー情報）,720,2162,85,,85,乾燥重量車重,15,,,15,中古相場価格税込,1995,日本仕様,50,cc,MT,1,2st,"https://www.bikebros.co.jp/catalog/11/15_1/
https://mechaota.blogspot.com/2016/09/50.html",,,src/img/bg_small.svg,src/img/back_small.svg,1.75%,1.56%,
0017,○,○,,,,,TMR05,0017,AR,2023/04/18,チャウチャウ男爵,投稿,同上,https://twitter.com/chowchowbaron/status/1648307301835763713?s=20,https://twitter.com/chowchowbaron/status/1648307301835763713?s=20,@チャウチャウ,神奈川県,181cm,ザックス(SACHS),MadAss,2004,,chauchau,17,src/img/bike_0017.jpg,src/img/bg_ザックス.svg, ,ok※注釈あり,ok,,ザックス,SACHS,ドイツ,MadAss,,3,55,実燃費（オーナー情報）,835,1705,,85,85,装備重量車重,35,35,5%,37,希望小売価格,2004,日本仕様,49,cc,MT,1,4st,"http://www.honorary.jp/sachs/03.html
https://www.bestbeginnermotorcycles.com/sachs-madass-50-review/",,,src/img/bg_small.svg,src/img/back_small.svg,1.75%,1.56%,
0018,,◆,,○,,,TMR05,0018,AR,2023/04/17,みつる,投稿,https://twitter.com/co0310python,https://twitter.com/NANAWARI_games/status/1647821687248011264?t=CAtIzBQkqs9dmQIy-3Qjag&s=19,https://twitter.com/co0310python/status/1648168840835092482?t=tMjQHRVvc8_FJZUETRVOvQ&s=19,@みつる,埼玉県,157cm,kawasaki,Ninja250,2013,,mitsuru,18,src/img/bike_0018.jpg,src/img/bg_カワサキ.svg, ,ok,,JBK-EX250L,カワサキ,KAWASAKI,日本,Ninja250,,31,26,WMTC値燃費,785,2020,151,172,172,装備重量車重,54,53.8,,56,希望小売価格,2013,日本仕様,248,cc,MT,2,4st,"https://www.bikebros.co.jp/catalog/4/99_6#spec_top
https://bike-lineage.org/kawasaki/ninja250r/2013ninja250.html",,,src/img/bg_medium.svg,src/img/back_medium.svg,1.75%,1.56%,
0019,,◆,,,,,TMR05,0019,AR,2023/04/17,ある,投稿,https://twitter.com/Ag4Ab,↑紹介（夫婦）,https://twitter.com/co0310python/status/1648168840835092482?t=tMjQHRVvc8_FJZUETRVOvQ&s=19,@ある,埼玉県,171cm,kawasaki,Ninja ZX-10R,2012(US仕様),,aru,19,src/img/bike_0019.jpg,src/img/bg_カワサキ.svg, ,ok※注釈あり,UG持ち主に最終確認,8BL-ZXT02L,カワサキ,KAWASAKI,日本,Ninja ZX-10R,,200,16,実燃費（投稿サイト情報）,813,2075,,198,198,装備重量車重,163,163,,171,希望小売価格,2012,※US仕様,998,cc,MT,4,4st,"https://www.bikebros.co.jp/catalog/4/71_5/#spec_top
https://fichasmotor.com/ja/kawasaki/kawasaki-ninja-zx-10r-2012/
https://ok.goobike.com/catalog/list/detail/index?bike_maker_cd=4&bike_series_cd=71&bike_cd=5&bike_model_id=4829",,,src/img/bg_large.svg,src/img/back_large.svg,,,
0020,,◆,,,,,TMR05,0020,AR,2023/04/21,バイキン😈,投稿,https://twitter.com/Blasan4645,https://twitter.com/Blasan4645/status/1649365051370004483?s=20,https://twitter.com/Blasan4645/status/1649435959447162881?s=20,@バイキン,神奈川県,178cm,Suzuki,GSX S1000S KATANA,2019,,baikin,20,src/img/bike_0020.jpg,src/img/bg_スズキ.svg, ,ok※注釈あり,UG持ち主に最終確認,2BL-GT79B,スズキ,SUZUKI,日本,GSX S1000S,KATANA,148,19,WMTC値燃費,825,2130,,215,215,装備重量車重,154,154,,169,希望小売価格,2019,日本仕様,998,cc,MT,4,4st,https://www.bikebros.co.jp/catalog/3/999_81/#spec_top,,,src/img/bg_large.svg,src/img/back_large.svg,,,
0021,△,,,,,,TMR05,0021,AR,2023/04/25,おとっちゃまω,DM,https://twitter.com/GBGBkusoAimer,https://twitter.com/GBGBkusoAimer/status/1650573466356318208?s=19,https://twitter.com/GBGBkusoAimer/status/1650573466356318208?s=19,@おとっちゃま,香川県,176cm,SUZUKI,GSX750E4,1984,,otocchama,21,src/img/bike_0021.jpg,src/img/bg_スズキ.svg, ,ok※注釈あり,UG持ち主に最終確認,GSX750,スズキ,SUZUKI,日本,GSX750E4,,77,24,実燃費（個人サイト情報）,780,2175,212,,212,乾燥重量車重,68,68,,68,希望小売価格,1984,日本仕様,747,cc,MT,4,4st,"https://young-machine.com/2018/09/30/13836/
https://young-machine.com/2018/12/30/21026/?gnmode=all
http://beem128.client.jp/rireki/gsx750e4.htm",,,src/img/bg_large.svg,src/img/back_large.svg,1.75%,1.56%,
0022,,◆,,,,,TMR05,0022,AR,2023/04/25,ワカモレファー,投稿,https://twitter.com/hula_mau,https://twitter.com/hula_mau/status/1650740215231938560?t=3UjRjtsnUL9UGq55QRKpMg&s=19,https://twitter.com/hula_mau/status/1650740215231938560?t=3UjRjtsnUL9UGq55QRKpMg&s=19,@ワカモレファー,埼玉県,170cm,SUZUKI,GSX1100SBE,1987,,wakamorefa-,22,src/img/bike_0022.jpg,src/img/bg_スズキ.svg, ,ok,UG持ち主に最終確認,	GS110X,スズキ,SUZUKI,日本,GSX1100SBE,,111,17,実燃費（投稿サイト情報）,775,2260,232,254,254,装備重量車重,80,79.8,,80,希望小売価格,1987,日本仕様,1075,cc,MT,4,4st,"https://bike-lineage.org/suzuki/gsx1100s/gsx1100sae_sbe.html
https://www.autoby.jp/_ct/17563664
https://minkara.carview.co.jp/car/suzuki/gsx1100s_katana/spec/unit129076/?sls=24125&ti=129076
https://ja.wikipedia.org/wiki/%E3%82%B9%E3%82%BA%E3%82%AD%E3%83%BB%E3%82%AB%E3%82%BF%E3%83%8A",,,src/img/bg_large.svg,src/img/back_large.svg,,,
0023,,◆,,,,,TMR05,0023,AR,2023/04/28,キューブ,投稿,https://twitter.com/c_ub_e,https://twitter.com/c_ub_e/status/1651728526876504065?s=20,https://twitter.com/c_ub_e/status/1651806474765766657?s=20,@キューブ,東京都,175cm,ホンダ,CB1100,2016,,kyu-bu,23,src/img/bike_0023.jpg,src/img/bg_ホンダ.svg, ,ok,,SC65,ホンダ,HONDA,日本,CB1100,,88,18,WMTC値燃費,765,2205,226,246,246,装備重量車重,101,101,,109,希望小売価格,2016,日本仕様,1140,cc,MT,4,4st,https://www.honda.co.jp/news/2016/2160411-cb1100.html,,,src/img/bg_large.svg,src/img/back_large.svg,,,
0024,,◆,,○,,,TMR05,0024,AR,2023/04/29,もものすけ,ヴィレッジ・投稿,https://twitter.com/kendommnsk,https://twitter.com/kendommnsk/status/1652229639572684803?s=20,エントリー同時,@もものすけ,神奈川県,175cm,kawasaki,バルカン400,1995,,momonosuke,24,src/img/bike_0024.jpg,src/img/bg_カワサキ.svg, ,ok,,,カワサキ,KAWASAKI,日本,バルカン400,,33,21,実燃費（個人サイト情報）,710,2360,223,246,246,装備重量車重,63,62.9,,65,希望小売価格,1995,日本仕様,399,cc,MT,2,4st,"https://mtc.greeco-channel.com/kawasaki/vulcan400_vn400a/
https://tj-garage.com/6951/",,,src/img/bg_medium.svg,src/img/back_medium.svg,,,
0025,○,,,,,,TMR05,0025,AR,2023/04/29,リョータ,ヴィレッジ・投稿,https://twitter.com/kawamura_0514,https://twitter.com/kawamura_0514/status/1652237124236869632?s=20,エントリー同時,@リョータ,神奈川県,179cm,ホンダ,スティード400,1994,,ryo-ta,25,src/img/bike_0025.jpg,src/img/bg_ホンダ.svg, ,ok,,,ホンダ,HONDA,日本,スティード400,,30,22,実燃費（投稿サイト情報）,680,2310,203,215,215,装備重量車重,60,60,3%,62,希望小売価格,1994,日本仕様,398,cc,MT,2,4st,"https://www.bikebros.co.jp/catalog/1/119_1/#spec_top
https://www.honda.co.jp/news/1994/2940112s.html",,,src/img/bg_medium.svg,src/img/back_medium.svg,1.75%,1.56%,
0026,,,,,,除外,TMR05,,,2023/04/29,すーさん,,https://twitter.com/3c_b0,ask,ask,@ask,ask,askcm,ヤマハ,ドラッグスター400,ask,,,26,src/img/bike_0026.jpg,src/img/bg_ヤマハ.svg, ,年式待ち,,,ヤマハ,YAMAHA,日本,ドラッグスター400,,,,,,,,,?,,,,,,,,,,,,,,,,,src/img/bg_small.svg,src/img/back_small.svg,,,
0027,△,○,,,,,TMR05,0026,AR,2023/04/29,ヨシオカ,メッセンジャー,https://www.facebook.com/bocusatu.gate,メッセンジャー,同左,@ヨシオカ,東京都,168cm,YAMAHA,T-MAX530 BLACK MAX,2013,,,27,src/img/bike_0027.jpg,src/img/bg_ヤマハ.svg, ,ok,,EBL-SJ12J,ヤマハ,YAMAHA,日本,T-MAX530,BLACK MAX,46,22,WMTC値燃費,800,2200,197,217,217,装備重量車重,105,105,,110,希望小売価格,2013,日本仕様,530,cc,AT,2,4st,"https://www.webike.net/bike/6339/service/g2135/
https://ok.goobike.com/catalog/list/detail/index?bike_maker_cd=2&bike_series_cd=67&bike_cd=2&bike_model_id=8612
http://geo.d51498.com/twincube/mybike/BikeData/tmax530.html
https://news.bikebros.co.jp/model/news20130515/#:~:text=%E2%96%A0%E3%83%A1%E3%83%BC%E3%82%AB%E3%83%BC%E5%B8%8C%E6%9C%9B%E5%B0%8F%E5%A3%B2%E4%BE%A1%E6%A0%BC,%E8%B2%BB%E7%94%A8%E3%81%AF%E5%90%AB%E3%81%BE%E3%82%8C%E3%81%AA%E3%81%84%E3%80%82",,,src/img/bg_large.svg,src/img/back_large.svg,1.75%,1.56%,
0028,○,,,○,〇,,TMR05,0027,AR,2023/04/29,ヨシオカ,メッセンジャー,https://www.facebook.com/bocusatu.gate,local,同左,@ヨシオカ,東京都,168cm,Suzuki,Hayabusa,2006,,,28,src/img/bike_0028.jpg,src/img/bg_スズキ.svg, ,ok,,,スズキ,SUZUKI,日本,Hayabusa,,175,17,実燃費（投稿サイト情報）,805,2140,217,246,246,装備重量車重,141,141,5%,148,希望小売価格,2006,※海外向けモデル,1299,cc,MT,4,4st,"https://ok.goobike.com/catalog/list/detail/index?bike_maker_cd=3&bike_series_cd=121&bike_cd=1&bike_model_id=6742&fbclid=IwAR1rmSuP3oFugOrinovVd8hdvq5VwrX8rXEeoPi7Uz-ExH6C9JSFBEEBFos
https://mtc.greeco-channel.com/suzuki/hayabusa1300/
http://www.motomap.net/lineup/2006/mdl_hybs1300_s.html",,,src/img/bg_large.svg,src/img/back_large.svg,,,
0029,○,,,○,,,TMR05,0028,AR,2023/04/29,ヨシオカ,メッセンジャー,https://www.facebook.com/bocusatu.gate,メッセンジャー,同左,@ヨシオカ,東京都,168cm,スズキ,スカイウェイブ250type S (CJ46A),2014,,,29,src/img/bike_0029.jpg,src/img/bg_スズキ.svg, ,ok,,CJ46A,スズキ,SUZUKI,日本,SKYWAVE 250,type S,26,27,実燃費（個人サイト情報）,710,2270,193,221,221,装備重量車重,66,66,8%,71,希望小売価格,2014,日本仕様,249,cc,AT,1,4st,"https://www.webike.net/bike/597/service/
https://minkara.carview.co.jp/car/suzuki/skywave250_type_s/spec/unit107744/?ti=107744
https://kurashi-no.jp/I0036289
http://www.gsx.triple-arrows.com/main4-1/4-4-01.htm",,,src/img/bg_medium.svg,src/img/back_medium.svg,1.75%,1.56%,
0030,○,○,,,,,TMR05,0029,AR,2023/04/29,マツバラテツ,メッセンジャー,local,メッセンジャー,同左,@マツバラテツ,神奈川県,172cm,bmw,r9t,2017,,,30,src/img/bike_0030.jpg,src/img/bg_ビーエムダブリュー.svg, ,ok。税抜き不明。乾燥重量不明。多分海外仕様。,,,ビーエムダブリュー,BMW,ドイツ,R nineT,,110,19,WMTC値燃費,870,2105,,222,222,装備重量車重,198,,,198,希望小売価格,2017,※海外メーカーモデル,1170,cc,MT,2,4st,"https://www.virginbmw.com/models/rninet-2017/
http://motorradshizuoka2025.blog.fc2.com/blog-entry-20.html
https://www.bikebros.co.jp/catalog/7/1_27/",,,src/img/bg_large.svg,src/img/back_large.svg,,,
0031,○,○,,,,,TMR05,0030,AR,2023/05/02,エモや,,https://www.instagram.com/emo.espresso/,emo,https://www.instagram.com/p/CkNJCZrh4DD/?igshid=YmMyMTA2M2Y=,@エモや,神奈川県,166cm,ドゥカティ　900ss,,1991,,,31,src/img/bike_0031.jpg,src/img/bg_ドゥカティ.svg, ,ok※注釈あり,,,ドゥカティ,DUCATI,イタリア,900ss,ハーフカウル,72,17,実燃費（オーナー情報）,800,2030,186,,186,乾燥重量車重,151,,,151,希望小売価格,1991,※海外メーカーモデル,904,cc,MT,2,4st,"https://www.bikebros.co.jp/catalog/8/999_64/
https://forride.jp/motorcycle/900ss-cafe
https://rilassaru.blog.jp/archives/1917956.html
https://ameblo.jp/a-fidelio/entry-11147692867.html",,,src/img/bg_large.svg,src/img/back_large.svg,,,
0032,○,○,,○,,,TMR05,0031,AR,2023/05/02,エモや,,https://www.instagram.com/emo.espresso/,emo,https://www.instagram.com/p/CglT0tvhDnt/?igshid=YmMyMTA2M2Y=,@エモや,神奈川県,166cm,ベスパ2st　et3　125,,1980,シート高75cm,,32,src/img/bike_0032.jpg,src/img/bg_ベスパ.svg, ,ok※注釈あり,,,ベスパ,VESPA,イタリア,125ET3,,7,22,実燃費（オーナー情報）,750,1665,78,,78,乾燥重量車重,40,,,40,希望小売価格,1980,※海外メーカーモデル,121,cc,MT,1,2st,"https://motor-fan.jp/bikes/article/7080/
https://minkara.carview.co.jp/userid/2290699/car/1791785/profile.aspx",,,src/img/bg_small.svg,src/img/back_small.svg,1.75%,1.56%,
0033,△,,,,,,TMR05,0032,AR,2023/05/02,ふじのきクラブ,,https://twitter.com/takadaan,emo twitter,DM,@ふじのきクラブ,神奈川県,164cm,"トライアンフ　ボンネビル　2016 燃費16 高速21,2",,2016,,,33,src/img/bike_0033.jpg,src/img/bg_トライアンフ.svg, ,ok※注釈あり,,,トライアンフ,Triumph,イギリス,ボンネビル,,80,16,実燃費（オーナー情報）,785,2170,224,243,243,装備重量車重,162,,,151,希望小売価格,2016,※海外メーカーモデル,1200,cc,MT,2,4st,"https://www.bikebros.co.jp/catalog/10/31_3/#spec_top
https://www.webike.net/bike/14017/service/g7000/
https://ok.goobike.com/catalog/list/detail/index?bike_maker_cd=10&bike_series_cd=31&bike_cd=6&bike_model_id=7423",,,src/img/bg_large.svg,src/img/back_large.svg,,,
0034,,,,,,除外,TMR05,,,2023/05/02,バック,,https://twitter.com/buck3720,emo twitter,ask,@バック,山形県,180cm,ホンダ　シャドー750,,2008,,,34,src/img/bike_0034.jpg,src/img/bg_ホンダ.svg, ,ok,,EBL-RC50,ホンダ,HONDA,日本,シャドー750,,44,15,実燃費（オーナー情報）,660,2510,239,258,258,装備重量車重,88,84,,88,希望小売価格,2008,日本仕様,745,cc,MT,2,4st,"https://www.webike.net/bike/287/service/g1182/
https://response.jp/article/2008/10/28/115629.html",,,src/img/bg_large.svg,src/img/back_large.svg,,,
0035,△,,,,,,TMR05,0033,AR,2023/05/02,大阪工業大学卓上遊戯サークル,投稿,https://twitter.com/oit_tablegamee,https://twitter.com/oit_tablegame/status/1653390416874708992,同左,@わとりぃ,大阪府,169cm,YAMAHA,セロー250,2016,,,35,src/img/bike_0035.jpg,src/img/bg_ヤマハ.svg,,ok,,JBK-DG17J,ヤマハ,YAMAHA,日本,セロー250,,18,36,実燃費（投稿サイト情報）,830,2100,119,130,130,装備重量車重,49,47,,51,希望小売価格,2016,日本仕様,249,cc,MT,1,4st,"https://www.goobike.com/catalog/yamaha/serow250_7027.html
https://www.bikebros.co.jp/catalog/2/131_2",,,src/img/bg_medium.svg,src/img/back_medium.svg,1.75%,1.56%,
0036,,◆,,,,,TMR05,0034,AR,2023/05/02,大阪工業大学卓上遊戯サークル,投稿,https://twitter.com/oit_tablegamee,https://twitter.com/oit_tablegame/status/1653394462855553026,同左,@ハヤ,兵庫県,168cm,YAMAHA,TDM850,1999,,,36,src/img/bike_0036.jpg,src/img/bg_ヤマハ.svg,,ok※燃費不明,,RN03J,ヤマハ,YAMAHA,日本,TDM850,,80,13,実燃費（投稿サイト情報）,795,2165,203,229,229,装備重量車重,80,,,80,希望小売価格,1999,日本仕様,849,cc,MT,2,4st,"https://www.bikebros.co.jp/catalog/2/65_2/#spec_top
https://www.bike-passion.net/market/yamaha/751cc/tdm850-all-model.htm",,,src/img/bg_large.svg,src/img/back_large.svg,,,
0037,,◆,,,,,TMR05,0035,AR,2023/05/02,大阪工業大学卓上遊戯サークル,投稿,https://twitter.com/oit_tablegame,https://twitter.com/oit_tablegame/status/1653399788451184640,同左,@あべ,大阪府,175cm,Kawasaki,VERSYS-X 250 TOURER,2022,,,37,src/img/bike_0037.jpg,src/img/bg_カワサキ.svg,,ok※乾燥重量不明,,	2BK-LE250D,カワサキ,KAWASAKI,日本,VERSYS-X 250,TOURER,33,25,WMTC値燃費,815,2170,,183,183,装備重量車重,73,,,73,希望小売価格,2022,日本仕様,248,cc,MT,2,4st,https://www.bikebros.co.jp/catalog/4/74_5/#spec_top,,,src/img/bg_medium.svg,src/img/back_medium.svg,1.75%,1.56%,
0038,○,○,,○,,,TMR05,0036,AR,2023/05/10,らむ,投稿,https://twitter.com/Demon150gr_rm,https://twitter.com/demon150gr_rm/status/1656233364251353090?s=46&t=olu2qNjOCYIu26uvtLPpDw,同左,@らむ,福岡県,161cm,GPX,DEMON150gr,2019,,,38,src/img/bike_0038.jpg,src/img/bg_ジーピーエックス.svg,,ok※燃費、乾燥重量不明,,,ジーピーエックス,GPX,タイ,DEMON150GR,,12,36,実燃費（投稿サイト情報）,780,1835,,130,130,装備重量車重,34,,,34,希望小売価格,2019,※海外メーカーモデル,149,cc,MT,1,4st,"https://news.webike.net/motorcycle/22292/
https://www.bikebros.co.jp/catalog/152/999_1/#spec_top",,,src/img/bg_medium.svg,src/img/back_medium.svg,1.75%,1.56%,
0039,,◆,,,,,TMR05,0037,AR,2023/05/11,てんちょす,投稿,https://twitter.com/racing_neet,https://twitter.com/racing_neet/status/1656486206337847298?t=0ufdZ3bX-iB5Y3MA0cXw7w&s=19,同左,@てんちょす,滋賀県,178cm,ホンダ,CBR1000RR,2008,2023/06/13馬力178ps,,39,src/img/bike_0039.jpg,src/img/bg_ホンダ.svg,,ok,,SC59,ホンダ,HONDA,日本,CBR1000RR,,118,17,実燃費（投稿サイト情報）,820,2080,178,201,201,装備重量車重,139,135,,142,希望小売価格,2008,日本仕様,999,cc,MT,4,4st,"https://www.webike.net/bike/303/service/g1280/
https://minkara.carview.co.jp/car/honda/cbr1000rr/nenpi/",,,src/img/bg_large.svg,src/img/back_large.svg,,,
0040,,◆,,,,,TMR05,0038,AR,2023/05/14,しょーちゃん,DM ヴィレッジ,https://twitter.com/shochaan_bike,Twitter DM,同左,@しょーちゃん,神奈川県,170cm,kawasaki,Ninja400,2023,,,40,src/img/bike_0040.jpg,src/img/bg_カワサキ.svg,,ok※乾燥重量不明,,8BL-EX400L,カワサキ,KAWASAKI,日本,Ninja400,,48,26,WMTC値燃費,785,1990,,167,167,装備重量車重,76,,,76,希望小売価格,2023,日本仕様,398,cc,MT,2,4st,https://www.kawasaki-motors.com/mc/lineup/ninja400/,,,src/img/bg_medium.svg,src/img/back_medium.svg,1.75%,3.13%,
0041,△,,,○,,,TMR05,0039,AR,2023/05/27,パン・ダイン,投稿,https://twitter.com/Panda_ine_BG,https://twitter.com/Panda_ine_BG/status/1662112569799364608?t=-x-yzSCwyJPfeX6Zlo8Uhw&s=19,,@やす,埼玉県,167cm,HONDA,Rebel250,2020,,,41,src/img/bike_0041.jpg,src/img/bg_ホンダ.svg,,ok※乾燥重量不明,,2BK-MC49,ホンダ,HONDA,日本,Rebel250,,26,34,WMTC値燃費,690,2205,,170,170,装備重量車重,60,59.9,,66,希望小売価格,2020,日本仕様,249,cc,MT,1,4st,"https://www.bikebros.co.jp/catalog/1/178_5#spec_top
https://kininarubikenews.com/archives/63356",,,src/img/bg_medium.svg,src/img/back_medium.svg,1.75%,3.13%,
0042,,◆,,,,,TMR05,0040,AR,2023/05/27,ともぞう,投稿,https://twitter.com/tomozou_vtr250,https://twitter.com/tomozou_vtr250/status/1662364759860338690,,@ともぞう,神奈川県,165cm,Kawasaki,Z1000,2019,,,42,src/img/bike_0042.jpg,src/img/bg_カワサキ.svg,,ok※乾燥重量不明,,2BL-ZXT00W,カワサキ,KAWASAKI,日本,Z1000,,141,18,WMTC値燃費,815,2050,,220,220,装備重量車重,115,,,115,希望小売価格,2019,日本仕様,1043,cc,MT,4,4st,"https://www.webike.net/bike/6283/service/g13629/
https://www.bikebros.co.jp/catalog/4/73_8/#spec_top",,,src/img/bg_large.svg,src/img/back_large.svg,,,
0043,○,○,,○,,,TMR05,0041,AR,2023/06/04,ふみ,DM,,Twitter DM,同左,@ふみ,神奈川県,163cm,kawasaki,zx-14r,2020,※すみません...燃費は分からない🙇🏻‍♀️💦,,43,src/img/bike_0043.jpg,src/img/bg_カワサキ.svg,,ok※乾燥重量不明,,,カワサキ,KAWASAKI,日本,ZX-14R,,210,15,実燃費（投稿サイト情報）,800,2170,,269,269,装備重量車重,192,,,192,希望小売価格,2020,日本仕様,1441,cc,MT,4,4st,"https://www.bikebros.co.jp/catalog/4/72_9/
https://www.kawasaki1ban.com/news_topics/38788/
https://minkara.carview.co.jp/car/kawasakiindustry/zx-14r/nenpi/",,,src/img/bg_large.svg,src/img/back_large.svg,,,
0044,○,,,,,,TMR05,0042,AR,2023/06/04,ふみ,DM,,Twitter DM,同左,@ふみ,神奈川県,163cm,kawasaki,Ninja1000SX,2020,実燃費▶︎23km/L,,44,src/img/bike_0044.jpg,src/img/bg_カワサキ.svg,,ok※乾燥重量不明,,2BL-ZXT02K,カワサキ,KAWASAKI,日本,Ninja1000SX,,141,18,WMTC値燃費,820,2100,,235,235,装備重量車重,160,,,160,希望小売価格,2020,日本仕様,1043,cc,MT,4,4st,https://ok.goobike.com/catalog/list/detail/index?bike_maker_cd=4&bike_series_cd=999&bike_cd=99&bike_model_id=15016#model_ttl,,,src/img/bg_large.svg,src/img/back_large.svg,,,
0045,△,,,,,,TMR05,0043,AR,2023/06/06,マル,DM,https://twitter.com/MARU3459,Twitter DM,同左,@マル,東京都,174cm,トライアンフ,BONNEVILLE T120,2018,実燃費▶︎25km/L,,45,src/img/bike_0045.jpg,src/img/bg_トライアンフ.svg,,全長と車両重量は、確度低め,,,トライアンフ,Triumph,イギリス,BONNEVILLE T120,,80,24,実燃費（投稿サイト情報）,785,2170,224,237,237,装備重量車重,153,,,153,希望小売価格,2018,※海外メーカーモデル,1200,cc,MT,2,4st,"https://www.webike.net/bike/14017/service/g13770/
https://ok.goobike.com/catalog/list/detail/index?bike_maker_cd=10&bike_series_cd=31&bike_cd=6&bike_model_id=7424",,,src/img/bg_large.svg,src/img/back_large.svg,1.75%,1.56%,
0046,,◆,,,,,TMR05,0044,AR,2023/06/07,いしかわ,local,-,local,同左,@いしかわ,熊本県,170cm,Yamaha,MT09 TRACER,2017,,,46,src/img/bike_0046.jpg,src/img/bg_ヤマハ.svg,,ok※乾燥重量不明,,2BL-RN51J,ヤマハ,YAMAHA,日本,MT09 TRACER,,116,21,実燃費（投稿サイト情報）,845,2160,,210,210,装備重量車重,107,,,107,希望小売価格,2017,日本仕様,847,cc,MT,3,4st,"https://www.webike.net/bike/13444/service/
https://minkara.carview.co.jp/car/yamaha/mt-09tracer/nenpi/",,,src/img/bg_large.svg,src/img/back_large.svg,1.75%,1.56%,
0047,△,,,,,,TMR05,0045,AR,2023/06/15,いしかわ,local,-,local,同左,@いしかわ,熊本県,170cm,Yamaha,NMAX125,2016,実燃費▶︎40km/L,,47,src/img/bike_0047.jpg,src/img/bg_ヤマハ.svg,,,,EBJ-SE86J,ヤマハ,YAMAHA,日本,NMAX125,,12,45,WMTC値燃費,765,1955,,127,127,装備重量車重,34,31.5,,34,希望小売価格,2016,日本仕様,124,cc,MT,1,4st,"https://www.bikebros.co.jp/catalog/2/188_1/
https://response.jp/article/2016/02/09/269424.html",,,src/img/bg_small.svg,src/img/back_small.svg,1.75%,1.56%,
0048,,◆,,,,,TMR05,0046,AR,2023/06/15,こばたけ,local,-,local,同左,@コバタケ,東京都,165cm,BMW,F800,2006,実燃費▶︎25km/L,,48,src/img/bike_0048.jpg,src/img/bg_ビーエムダブリュー.svg,,,,,ビーエムダブリュー,BMW,ドイツ,F800,,85,24,実燃費（投稿サイト情報）,790,2080,,210,210,装備重量車重,116,,,116,希望小売価格,2006,※海外メーカーモデル,798,cc,MT,2,4st,"https://www.virginbmw.com/models/f800s-2006/
https://minkara.carview.co.jp/car/bmw/f800s/nenpi/",,,src/img/bg_large.svg,src/img/back_large.svg,1.75%,1.56%,
0049,,◆,,,,,TMR05,0047,AR,2023/06/15,こばたけ,local,-,local,同左,@コバタケ,東京都,165cm,kawasaki,ZX-6R,2022,実燃費▶︎18km/L,,49,src/img/bike_0049.jpg,src/img/bg_カワサキ.svg,,,,2BL-ZX636G,カワサキ,KAWASAKI,日本,ZX-6R,,132,18,WMTC値燃費,830,2025,,197,197,装備重量車重,138,,,138,希望小売価格,2022,日本仕様,636,cc,MT,4,4st,https://www.kawasaki-motors.com/mc/lineup/ninjazx-6r/,,,src/img/bg_large.svg,src/img/back_large.svg,,,
0050,,◆,,,,,TMR05,0048,AR,2023/06/21,こばたけ,local,-,local,同左,@コバタケ,東京都,165cm,honda,VTR250,2002,実燃費▶︎24km/L,,50,src/img/bike_0050.jpg,src/img/bg_ホンダ.svg,,,,BA-MC33,ホンダ,HONDA,日本,VTR250,,32,28,実燃費（投稿サイト情報）,760,2035,141,155,155,装備重量車重,45,44.9,,47,希望小売価格,2002,日本仕様,249,cc,MT,2,4st,"https://www.webike.net/bike/196/service/g828/
https://www.honda.co.jp/news/2002/2021218-vtr.html
https://minkara.carview.co.jp/car/honda/vtr250/nenpi/",,,src/img/bg_medium.svg,src/img/back_medium.svg,1.75%,1.56%,
0051,,◆,,○,,,TMR05,0049,AR,2023/06/21,こばたけ,local,-,local,同左,@コバタケ,東京都,165cm,suzuki,TL1000R,2000,実燃費▶︎15km/L,,51,src/img/bike_0051.jpg,src/img/bg_スズキ.svg,,,,VT52A,スズキ,SUZUKI,日本,TL1000R,,93,18,実燃費（投稿サイト情報）,815,2105,197,,197,乾燥重量車重,98,,,98,中古相場価格税込,2000,日本仕様,995,cc,MT,2,4st,"https://www.bikebros.co.jp/catalog/3/69_1/#spec_top
https://www.goobike.com/maker-suzuki/car-tl1000r/index.html",,,src/img/bg_large.svg,src/img/back_large.svg,,,
0052,△,,,,,,TMR05,0050,AR,2023/06/21,こばたけ,local,-,local,同左,@コバタケ,東京都,165cm,honda,CBR650R,2021,実燃費▶︎22km/L,,52,src/img/bike_0052.jpg,src/img/bg_ホンダ.svg,,,,2BL-RH03,ホンダ,HONDA,日本,CBR650R,,95,21,WMTC値燃費,810,2120,,206,206,装備重量車重,98,97.9,,108,希望小売価格,2021,日本仕様,649,cc,MT,4,4st,"https://www.bikebros.co.jp/catalog/1/999_77/#spec_top
https://hondago-bikerental.jp/bike-lab/3978.html",,,src/img/bg_large.svg,src/img/back_large.svg,1.75%,1.56%,
0053,,◆,,,,,TMR05,0051,AR,2023/06/21,こばたけ,local,-,local,同左,@コバタケ,東京都,165cm,kawasaki,ER-4n,2012,実燃費▶︎20km/L,,53,src/img/bike_0053.jpg,src/img/bg_カワサキ.svg,,,,ER400B,カワサキ,KAWASAKI,日本,ER-4n,,44,23,実燃費（投稿サイト情報）,785,2100,,203,203,装備重量車重,70,,,70,希望小売価格,2012,日本仕様,399,cc,MT,4,4st,"https://www.bikebros.co.jp/catalog/4/24_4/#spec_top
https://www.goobike.com/catalog/KAWASAKI/ER_4N/index.html",,,src/img/bg_medium.svg,src/img/back_medium.svg,1.75%,1.56%,
0054,○,,,,,,TMR05,0052,AR,2023/06/24,ウワガキ,local,-,local,同左,@ウワガキみわた,神奈川県,170cm,ハスクバーナ,Vitpilen 401,2022,実燃費▶︎32km/L,,54,src/img/bike_0054.jpg,src/img/bg_ハスクバーナ.svg,,ok※装備重量、全長不明,,,ハスクバーナ,Husqvarna,スエーデン,Vitpilen 401,,44,32,実燃費（オーナー情報）,835,2090,151,,151,乾燥重量車重,77,70,10%,77,希望小売価格,2022,※海外メーカーモデル,373,cc,MT,1,4st,https://www.bikebros.co.jp/catalog/38/999_3/,,,src/img/bg_medium.svg,src/img/back_medium.svg,1.75%,1.56%,
0055,△,,,○,,,TMR05,0053,AR,2023/07/12,青木さん,DM,https://twitter.com/gLVW8IT40698201,TwitterDM,同左,@ちょむちょむ,神奈川県,168cm,YAMAHA,XSR900,2016,実燃費▶24km/L,,55,src/img/bike_0055.jpg,src/img/bg_ヤマハ.svg,,,,EBL-RN46J/N703E,ヤマハ,YAMAHA,日本,XSR900,,110,19,WMTC値燃費,830,2075,,195,195,装備重量,,96.5,8%,104,希望小売価格,2016,日本仕様,845,cc,MT,3,4st,"https://www.webike.net/bike/13697/service/g5688/
https://global.yamaha-motor.com/jp/news/2016/0223/xsr900.html",,,src/img/bg_large.svg,src/img/back_large.svg,,,
0056,△,,,○,,,TMR05,0054,AR,2023/07/12,青木さん,DM,https://twitter.com/gLVW8IT40698201,TwitterDM,同左,@ちょむちょむ,神奈川県,168cm,YAMAHA,TZR125,1990,実燃費▶22km/L,,56,src/img/bike_0056.jpg,src/img/bg_ヤマハ.svg,,,,3TY,ヤマハ,YAMAHA,日本,TZR125,,22,20,実燃費（投稿サイト情報）,765,2025,116,121,121,装備重量,,32.9,,34,希望小売価格,1990,日本仕様,124,cc,MT,1,2st,https://www.bikebros.co.jp/catalog/2/76_2/#spec_top,,,src/img/bg_small.svg,src/img/back_small.svg,,,
0057,△,,,○,,,TMR05,0055,AR,2023/07/23,井上さん,LINE ヴィレッジ,https://twitter.com/shochaan_bike,LINE展示グループ,同左,@しょーちゃん,神奈川県,170cm,kawasaki,ZX4R SE ,2024,"MT
77馬力（ラムエア加圧時80馬力）
シート 800
全長 1990
車重 190kg
価格 112万円
4気筒",,57,src/img/bike_0057.jpg,src/img/bg_カワサキ.svg,,,,	8BL-ZX400P,カワサキ,KAWASAKI,日本,Ninja ZX-4R SE ,,80,20,WMTC値燃費,800,1990,,190,190,装備重量,112,102,10%,112,希望小売価格,2024,日本仕様,399,cc,MT,4,4st,https://www.kawasaki-motors.com/mc/lineup/ninjazx-4r/,,,src/img/bg_medium.svg,src/img/back_medium.svg,,,
0058,△,,,,,,TMR05,0056,AR,2023/07/23,ひろくん,LINE ヴィレッジ,-,LINE展示グループ,同左,@ヒロくん,東京都,175cm,ハーレーダビッドソン,99最終エボ,1999,"ミッション MT
シート高 570
全長 2430
車重 220kg
価格 480万円　燃費6",,58,src/img/bike_0058.jpg,src/img/bg_ハーレーダビッドソン.svg,,,,,ハーレーダビッドソン,Harley-Davidson,アメリカ,EVOLUTION,,65,6,実燃費（オーナー情報）,570,2430,,220,220,装備重量,480,,,480,中古相場価格税込,1999,※海外メーカーモデル,1340,cc,MT,2,4st,,,,src/img/bg_large.svg,src/img/back_large.svg,,,
0059,,◆,,,,,TMR05,0057,AR,2023/07/30,井上さん,LINE ヴィレッジ,https://twitter.com/shochaan_bike,Twitter DM,同左,@しょーちゃん,神奈川県,170cm,kawasaki,Ninja400,2023,"kawasaki Z250
MT
36馬力
シート 795
全長 1990
車重 164
価格 63
年式 2019",,59,src/img/bike_0059.jpg,src/img/bg_カワサキ.svg,,,,2BK-EX250P,カワサキ,KAWASAKI,日本, Z250,,37,27,WMTC値燃費,795,1990,,164,164,装備重量,60,,,60,希望小売価格,2019,日本仕様,248,cc,MT,2,4st,https://www.bikebros.co.jp/catalog/4/73_13/#spec_topp,,,src/img/bg_medium.svg,src/img/back_medium.svg,1.75%,3.13%,
0060,,,◆,,,,TMR05,0001,TK,,,,,,,#初年度の発売年式,バイクが好きだ,2021年情報 ,,,,,,60,src/img/bike_0060.jpg,src/img/bg_ホンダ.svg,,,,2BL-SC79,ホンダ,HONDA,日本,Gold Wing Tour,,126,18,WMTC値燃費,745,2615,,389,389,装備重量,"3,465,000",,,347,希望小売価格,1988,日本仕様,1833,cc,AT,6,4st,,,,src/img/bg_large.svg,src/img/back_large.svg,1.75%,1.56%,
0061,,,◆,,,,TMR05,0002,TK,,,,,,,#初年度の発売年式,バイクが好きだ,2021年情報 ,,,,,,61,src/img/bike_0061.jpg,src/img/bg_ホンダ.svg,,,,2BL-SC82,ホンダ,HONDA,日本,CBR1000RR-R,FIREBLADE,218,15,WMTC値燃費,830,2100,,201,201,装備重量,"2,420,000",,,242,希望小売価格,2020,日本仕様,999,cc,MT,4,4st,,,,src/img/bg_large.svg,src/img/back_large.svg,1.75%,3.13%,
0062,,,,,,除外,TMR05,0003,TK,,,,,,,#初年度の発売年式,バイクが好きだ,2021年情報 ,,,,,,62,src/img/bike_0062.jpg,src/img/bg_ホンダ.svg,,,,,ホンダ,HONDA,日本,NC750X,〈DCT〉,58,29,WMTC値燃費,800,2210,,224,224,装備重量,"990,000",,,99,希望小売価格,2014,日本仕様,745,cc,AT,2,4st,,,,src/img/bg_large.svg,src/img/back_large.svg,,,
0063,,,◆,,,,TMR05,0004,TK,,,,,,,#初年度の発売年式,バイクが好きだ,2021年情報 ,,,,,,63,src/img/bike_0063.jpg,src/img/bg_ホンダ.svg,,,,8BL-RH10,ホンダ,HONDA,日本,X-ADV,,58,28,WMTC値燃費,790,2200,,236,236,装備重量,"1,320,000",,,132,希望小売価格,2017,日本仕様,745,cc,AT,2,4st,,,,src/img/bg_large.svg,src/img/back_large.svg,1.75%,1.56%,
0064,,,◆,,,,TMR05,0005,TK,,,,,,,#初年度の発売年式,バイクが好きだ,2021年情報 ,,,,,,64,src/img/bike_0064.jpg,src/img/bg_ホンダ.svg,,,,2BL-RH03,ホンダ,HONDA,日本,CB650R,,95,21,WMTC値燃費,810,2120,,201,201,装備重量,"979,000",,,98,希望小売価格,2019,日本仕様,648,cc,MT,4,4st,,,,src/img/bg_large.svg,src/img/back_large.svg,1.75%,1.56%,
0065,,,,,,除外,TMR05,0006,TK,,,,,,,#初年度の発売年式,バイクが好きだ,2021年情報 ,,,,,,65,src/img/bike_0065.jpg,src/img/bg_ホンダ.svg,,,,,ホンダ,HONDA,日本,CB400,SUPER BOL D'OR,56,21,WMTC値燃費,755,2080,,206,206,装備重量,"1,040,600",,,104,希望小売価格,1976,日本仕様,399,cc,MT,4,4st,,,,src/img/bg_medium.svg,src/img/back_medium.svg,,,
0066,,,◆,,,,TMR05,0007,TK,,,,,,,#初年度の発売年式,バイクが好きだ,2021年情報 ,,,,,,66,src/img/bike_0066.jpg,src/img/bg_ホンダ.svg,,,,2BL-NC59,ホンダ,HONDA,日本,GB350,,20,41,WMTC値燃費,800,2180,,180,180,装備重量,"550,000",,,55,希望小売価格,2021,日本仕様,348,cc,MT,1,4st,,,,src/img/bg_medium.svg,src/img/back_medium.svg,1.75%,1.56%,
0067,,,◆,,,,TMR05,0008,TK,,,,,,,#初年度の発売年式,バイクが好きだ,2021年情報 ,,,,,,67,src/img/bike_0067.jpg,src/img/bg_ホンダ.svg,,,,2BK-MC51,ホンダ,HONDA,日本,CBR250RR,,41,27,WMTC値燃費,790,2065,,168,168,装備重量,"821,700",,,82,希望小売価格,1990,日本仕様,249,cc,MT,2,4st,,,,src/img/bg_medium.svg,src/img/back_medium.svg,1.75%,3.13%,
0068,,,,,,除外,TMR05,0009,TK,,,,,,,#初年度の発売年式,バイクが好きだ,2021年情報 ,,,,,,68,src/img/bike_0068.jpg,src/img/bg_ホンダ.svg,,,,,ホンダ,HONDA,日本,CB250R,,27,34,WMTC値燃費,795,2020,,144,144,装備重量,"564,300",,,56,希望小売価格,2018,日本仕様,249,cc,MT,1,4st,,,,src/img/bg_medium.svg,src/img/back_medium.svg,,,
0069,,,◆,,,,TMR05,0010,TK,,,,,,,#初年度の発売年式,バイクが好きだ,2021年情報 ,,,,,,69,src/img/bike_0069.jpg,src/img/bg_ホンダ.svg,,,,2BK-MC49,ホンダ,HONDA,日本,レブル250,,26,34,WMTC値燃費,690,2205,,170,170,装備重量,"599,500",,,60,希望小売価格,1985,日本仕様,249,cc,MT,1,4st,,,,src/img/bg_medium.svg,src/img/back_medium.svg,1.75%,1.56%,
0070,,,◆,,,,TMR05,0011,TK,,,,,,,#初年度の発売年式,バイクが好きだ,2021年情報 ,,,,,,70,src/img/bike_0070.jpg,src/img/bg_ホンダ.svg,,,,2BK-MF15,ホンダ,HONDA,日本,フォルツァ,,23,33,WMTC値燃費,780,2145,,186,186,装備重量,"658,900",,,66,希望小売価格,2000,日本仕様,249,cc,AT,1,4st,,,,src/img/bg_medium.svg,src/img/back_medium.svg,1.75%,1.56%,
0071,,,◆,,,,TMR05,0012,TK,,,,,,,#初年度の発売年式,バイクが好きだ,2021年情報 ,,,,,,71,src/img/bike_0071.jpg,src/img/bg_ホンダ.svg,,,,2BJ-JA55,ホンダ,HONDA,日本,CT125・ハンターカブ,,9,67,WMTC値燃費,800,1960,,120,120,装備重量,"440,000",,,44,希望小売価格,2020,日本仕様,124,cc,AT,1,4st,,,,src/img/bg_small.svg,src/img/back_small.svg,,,
0072,,,◆,,,,TMR05,0013,TK,,,,,,,#初年度の発売年式,バイクが好きだ,2021年情報 ,,,,,,72,src/img/bike_0072.jpg,src/img/bg_ホンダ.svg,,,,8BJ-JB03,ホンダ,HONDA,日本,モンキー125,,9,70,WMTC値燃費,776,1710,,104,104,装備重量,"440,000",,,44,希望小売価格,2018,日本仕様,123,cc,MT,1,4st,,,,src/img/bg_small.svg,src/img/back_small.svg,,,
0073,,,◆,,,,TMR05,0014,TK,,,,,,,#初年度の発売年式,バイクが好きだ,2021年情報 ,,,,,,73,src/img/bike_0073.jpg,src/img/bg_ホンダ.svg,,,,2BJ-JC92,ホンダ,HONDA,日本,グロム,,10,69,WMTC値燃費,761,1760,,102,102,装備重量,"385,000",,,39,希望小売価格,2013,日本仕様,123,cc,MT,1,4st,,,,src/img/bg_small.svg,src/img/back_small.svg,,,
0074,,,◆,,,,TMR05,0015,TK,,,,,,,#初年度の発売年式,バイクが好きだ,2021年情報 ,,,,,,74,src/img/bike_0074.jpg,src/img/bg_ホンダ.svg,,,,2BH-AA09,ホンダ,HONDA,日本,スーパーカブ50,,4,69,WMTC値燃費,735,1860,,96,96,装備重量,"247,500",,,25,希望小売価格,1958,日本仕様,49,cc,AT,1,4st,,,,src/img/bg_small.svg,src/img/back_small.svg,,,
0075,,,,,,除外,TMR05,0016,TK,,,,,,,#初年度の発売年式,バイクが好きだ,2021年情報 ,,,,,,75,src/img/bike_0075.jpg,src/img/bg_ホンダ.svg,,,,,ホンダ,HONDA,日本,ジャイロ X,,5,60,WMTC値燃費,735,1700,,110,110,装備重量,"404,800",,,40,希望小売価格,1982,日本仕様,49,cc,AT,1,4st,,,,src/img/bg_small.svg,src/img/back_small.svg,,,
0076,,,◆,,,,TMR05,0017,TK,,,,,,,#初年度の発売年式,ヤマハが美しい,2021年情報 ,,,,,,76,src/img/bike_0076.jpg,src/img/bg_ヤマハ.svg,,,,2BL-VN09J,ヤマハ,YAMAHA,日本,BOLT,Rスペック,54,21,WMTC値燃費,690,2290,,252,252,装備重量,"1,045,000",,,105,希望小売価格,2013,日本仕様,941,cc,MT,2,4st,,,,src/img/bg_large.svg,src/img/back_large.svg,1.75%,1.56%,
0077,,,,,,除外,TMR05,0018,TK,,,,,,,#初年度の発売年式,ヤマハが美しい,2021年情報 ,,,,,,77,src/img/bike_0077.jpg,src/img/bg_ヤマハ.svg,,,,,ヤマハ,YAMAHA,日本,TRACER9 GT,,120,20,WMTC値燃費,820,2175,,220,220,装備重量,"1,452,000",,,145,希望小売価格,2015,日本仕様,888,cc,MT,3,4st,,,,src/img/bg_large.svg,src/img/back_large.svg,,,
0078,,,◆,,,,TMR05,0019,TK,,,,,,,#初年度の発売年式,ヤマハが美しい,2021年情報 ,,,,,,78,src/img/bike_0078.jpg,src/img/bg_ヤマハ.svg,,,,2BL-RN58J,ヤマハ,YAMAHA,日本,NIKEN GT,,116,18,WMTC値燃費,835,2150,,267,267,装備重量,"1,980,000",,,198,希望小売価格,2019,日本仕様,845,cc,MT,3,4st,,,,src/img/bg_large.svg,src/img/back_large.svg,1.75%,1.56%,
0079,,,,,,除外,TMR05,0020,TK,,,,,,,#初年度の発売年式,ヤマハが美しい,2021年情報 ,,,,,,79,src/img/bike_0079.jpg,src/img/bg_ヤマハ.svg,,,,,ヤマハ,YAMAHA,日本,XSR900,,120,20,WMTC値燃費,810,2155,,193,193,装備重量,"1,210,000",,,121,希望小売価格,2016,日本仕様,888,cc,MT,3,4st,,,,src/img/bg_large.svg,src/img/back_large.svg,,,
0080,,,◆,,,,TMR05,0021,TK,,,,,,,#初年度の発売年式,ヤマハが美しい,2021年情報 ,,,,,,80,src/img/bike_0080.jpg,src/img/bg_ヤマハ.svg,,,,8BL-RM33J,ヤマハ,YAMAHA,日本,MT-07,,73,25,WMTC値燃費,805,2085,,184,184,装備重量,"814,000",,,81,希望小売価格,2014,日本仕様,688,cc,MT,2,4st,,,,src/img/bg_large.svg,src/img/back_large.svg,1.75%,1.56%,
0081,,,,,,除外,TMR05,0022,TK,,,,,,,#初年度の発売年式,ヤマハが美しい,2021年情報 ,,,,,,81,src/img/bike_0081.jpg,src/img/bg_ヤマハ.svg,,,,,ヤマハ,YAMAHA,日本,TMAX560,,48,22,WMTC値燃費,800,2195,,218,218,装備重量,"1,364,000",,,136,希望小売価格,2001,日本仕様,561,cc,AT,2,4st,,,,src/img/bg_large.svg,src/img/back_large.svg,,,
0082,,,◆,,,,TMR05,0023,TK,,,,,,,#初年度の発売年式,ヤマハが美しい,2021年情報 ,,,,,,82,src/img/bike_0082.jpg,src/img/bg_ヤマハ.svg,,,,2BL-SH15J,ヤマハ,YAMAHA,日本,トリシティ300,,29,32,WMTC値燃費,795,2250,,237,237,装備重量,"957,000",,,96,希望小売価格,2014,日本仕様,292,cc,AT,1,4st,,,,src/img/bg_medium.svg,src/img/back_medium.svg,1.75%,1.56%,
0083,,,◆,,,,TMR05,0024,TK,,,,,,,#初年度の発売年式,ヤマハが美しい,2021年情報 ,,,,,,83,src/img/bike_0083.jpg,src/img/bg_ヤマハ.svg,,,,2BK-RG43J,ヤマハ,YAMAHA,日本,YZF-R25,,35,26,WMTC値燃費,780,2090,,169,169,装備重量,"668,800",,,67,希望小売価格,2014,日本仕様,249,cc,MT,2,4st,,,,src/img/bg_medium.svg,src/img/back_medium.svg,1.75%,1.56%,
0084,,,,,,除外,TMR05,0025,TK,,,,,,,#初年度の発売年式,ヤマハが美しい,2021年情報 ,,,,,,84,src/img/bike_0084.jpg,src/img/bg_ヤマハ.svg,,,,,ヤマハ,YAMAHA,日本,XMAX,,23,34,WMTC値燃費,795,2185,,179,179,装備重量,"654,500",,,65,希望小売価格,2018,日本仕様,249,cc,AT,1,4st,,,,src/img/bg_medium.svg,src/img/back_medium.svg,,,
0085,,,,,,除外,TMR05,0026,TK,,,,,,,#初年度の発売年式,ヤマハが美しい,2021年情報 ,,,,,,85,src/img/bike_0085.jpg,src/img/bg_ヤマハ.svg,,,,,ヤマハ,YAMAHA,日本,シグナスX,,10,37,WMTC値燃費,775,1890,,119,119,装備重量,"335,500",,,34,希望小売価格,2003,日本仕様,124,cc,AT,1,4st,,,,src/img/bg_small.svg,src/img/back_small.svg,,,
0086,,,◆,,,,TMR05,0027,TK,,,,,,,#初年度の発売年式,ヤマハが美しい,2021年情報 ,,,,,,86,src/img/bike_0086.jpg,src/img/bg_ヤマハ.svg,,,,8BJ-SEG6J,ヤマハ,YAMAHA,日本,NMAX,,12,47,WMTC値燃費,765,1935,,131,131,装備重量,"368,500",,,37,希望小売価格,2016,日本仕様,124,cc,AT,1,4st,,,,src/img/bg_small.svg,src/img/back_small.svg,1.75%,1.56%,
0087,,,◆,,,,TMR05,0028,TK,,,,,,,#初年度の発売年式,ヤマハが美しい,2021年情報 ,,,,,,87,src/img/bike_0087.jpg,src/img/bg_ヤマハ.svg,,,,2BH-AY02,ヤマハ,YAMAHA,日本,ビーノ,,5,58,WMTC値燃費,720,1650,,81,81,装備重量,"203,500",,,20,希望小売価格,1997,日本仕様,49,cc,AT,1,4st,,,,src/img/bg_small.svg,src/img/back_small.svg,,,
0088,,,,,,除外,TMR05,,,,,,,,,,,,,,,,,88,src/img/bike_0088.jpg,src/img/bg_ヤマハ.svg,,,,,ヤマハ,YAMAHA,日本,E-Vino,,2,-,WMTC値燃費,715,1675,,68,68,装備重量,"259,600",,,26,希望小売価格,2002,日本仕様,0.58,kw,AT,1,モーター,,,,src/img/bg_small.svg,src/img/back_small.svg,,,
0089,,,,,,除外,TMR05,0029,TK,,,,,,,#初年度の発売年式,変態のスズキ,2021年情報 ,,,,,,89,src/img/bike_0089.jpg,src/img/bg_スズキ.svg,,,,,スズキ,SUZUKI,日本,Hayabusa,,188,15,WMTC値燃費,800,2180,,264,264,装備重量,"2,156,000",,,216,希望小売価格,1999,日本仕様,1339,cc,MT,4,4st,,,,src/img/bg_large.svg,src/img/back_large.svg,,,
0090,,,◆,,,,TMR05,0030,TK,,,,,,,#初年度の発売年式,変態のスズキ,2021年情報 ,,,,,,90,src/img/bike_0090.jpg,src/img/bg_スズキ.svg,,,,2BL-GT79B,スズキ,SUZUKI,日本,KATANA,,150,17,WMTC値燃費,825,2130,,215,215,装備重量,"1,606,000",,,161,希望小売価格,2019,日本仕様,998,cc,MT,4,4st,,,,src/img/bg_large.svg,src/img/back_large.svg,1.75%,1.56%,
0091,,,◆,,,,TMR05,0031,TK,,,,,,,#初年度の発売年式,変態のスズキ,2021年情報 ,,,,,,91,src/img/bike_0091.jpg,src/img/bg_スズキ.svg,,,,2BL-VP55B,スズキ,SUZUKI,日本,SV650,,72,24,WMTC値燃費,785,2140,,199,199,装備重量,"803,000",,,80,希望小売価格,1999,日本仕様,645,cc,MT,2,4st,,,,src/img/bg_large.svg,src/img/back_large.svg,1.75%,1.56%,
0092,,,◆,,,,TMR05,0032,TK,,,,,,,#初年度の発売年式,変態のスズキ,2021年情報 ,,,,,,92,src/img/bike_0092.jpg,src/img/bg_スズキ.svg,,,,8BK-DS12E,スズキ,SUZUKI,日本,Vストローム250,,24,32,WMTC値燃費,800,2150,,189,189,装備重量,"613,800",,,61,希望小売価格,2017,日本仕様,248,cc,MT,2,4st,,,,src/img/bg_medium.svg,src/img/back_medium.svg,1.75%,1.56%,
0093,,,◆,,,,TMR05,0033,TK,,,,,,,#初年度の発売年式,変態のスズキ,2021年情報 ,,,,,,93,src/img/bike_0093.jpg,src/img/bg_スズキ.svg,,,,2BK-DN11A,スズキ,SUZUKI,日本,GSX250R,（トリトンブルーメタリックNo.2）,24,33,WMTC値燃費,790,2085,,181,181,装備重量,"581,900",,,58,希望小売価格,2017,日本仕様,248,cc,MT,2,4st,,,,src/img/bg_medium.svg,src/img/back_medium.svg,1.75%,3.13%,
0094,,,◆,,,,TMR05,0034,TK,,,,,,,#初年度の発売年式,変態のスズキ,2021年情報 ,,,,,,94,src/img/bike_0094.jpg,src/img/bg_スズキ.svg,,,,2BK-ED13N,スズキ,SUZUKI,日本,ジクサー150,,14,51,WMTC値燃費,795,2020,,139,139,装備重量,"352,000",,,35,希望小売価格,2017,日本仕様,154,cc,MT,1,4st,,,,src/img/bg_medium.svg,src/img/back_medium.svg,1.75%,1.56%,
0095,,,,,,除外,TMR05,0035,TK,,,,,,,#初年度の発売年式,変態のスズキ,2021年情報 ,,,,,,95,src/img/bike_0095.jpg,src/img/bg_スズキ.svg,,,,,スズキ,SUZUKI,日本,GSX-R125,,15,44,WMTC値燃費,785,2000,,137,137,装備重量,"453,200",,,45,希望小売価格,2018,日本仕様,124,cc,MT,1,4st,,,,src/img/bg_small.svg,src/img/back_small.svg,,,
0096,,,◆,,,,TMR05,0036,TK,,,,,,,#初年度の発売年式,変態のスズキ,2021年情報 ,,,,,,96,src/img/bike_0096.jpg,src/img/bg_スズキ.svg,,,,2BJ-CE47A,スズキ,SUZUKI,日本,アドレス110,,9,49,WMTC値燃費,755,1845,,100,100,装備重量,"225,500",,,23,希望小売価格,1988,日本仕様,112,cc,AT,1,4st,,,,src/img/bg_small.svg,src/img/back_small.svg,,,
0097,,,◆,,,,TMR05,0037,TK,,,,,,,#初年度の発売年式,漢カワサキ,2021年情報 ,,,,,,97,src/img/bike_0097.jpg,src/img/bg_カワサキ.svg,,,,2BL-ZXT02J,カワサキ,KAWASAKI,日本,Ninja H2,CARBON,231,15,WMTC値燃費,825,2085,,238,238,装備重量,"3,630,000",,,363,希望小売価格,2015,日本仕様,998,cc,MT,4,4st,,,,src/img/bg_large.svg,src/img/back_large.svg,1.75%,1.56%,
0098,,,,,,除外,TMR05,0038,TK,,,,,,,#初年度の発売年式,漢カワサキ,2021年情報 ,,,,,,98,src/img/bike_0098.jpg,src/img/bg_カワサキ.svg,,,,,カワサキ,KAWASAKI,日本,Z900RS,,111,20,WMTC値燃費,800,2100,,215,215,装備重量,"1,386,000",,,139,希望小売価格,2017,日本仕様,948,cc,MT,4,4st,,,,src/img/bg_large.svg,src/img/back_large.svg,,,
0099,,,◆,,,,TMR05,0039,TK,,,,,,,#初年度の発売年式,漢カワサキ,2021年情報 ,,,,,,99,src/img/bike_0099.jpg,src/img/bg_カワサキ.svg,,,,2BL-EJ800B,カワサキ,KAWASAKI,日本,W800 STREET,,52,21,WMTC値燃費,770,2135,,221,221,装備重量,"1,089,000",,,109,希望小売価格,2011,日本仕様,773,cc,MT,2,4st,,,,src/img/bg_large.svg,src/img/back_large.svg,1.75%,1.56%,
0100,,,◆,,,,TMR05,0040,TK,,,,,,,#初年度の発売年式,漢カワサキ,2021年情報 ,,,,,,100,src/img/bike_0100.jpg,src/img/bg_カワサキ.svg,,,,2BL-EN650G,カワサキ,KAWASAKI,日本,VULCAN S,,61,23,WMTC値燃費,705,2310,,229,229,装備重量,"913,000",,,91,希望小売価格,2016,日本仕様,649,cc,MT,2,4st,,,,src/img/bg_large.svg,src/img/back_large.svg,1.75%,1.56%,
0101,,,◆,,,,TMR05,0041,TK,,,,,,,#初年度の発売年式,漢カワサキ,2021年情報 ,,,,,,101,src/img/bike_0101.jpg,src/img/bg_カワサキ.svg,,,,2BK-ZX250E,カワサキ,KAWASAKI,日本,Ninja ZX-25R,,45,19,WMTC値燃費,785,1980,,183,183,装備重量,"847,000",,,85,希望小売価格,2020,日本仕様,249,cc,MT,4,4st,,,,src/img/bg_medium.svg,src/img/back_medium.svg,1.75%,3.13%,
0102,,,◆,,,,TMR05,0042,TK,,,,,,,#初年度の発売年式,漢カワサキ,2021年情報 ,,,,,,102,src/img/bike_0102.jpg,src/img/bg_カワサキ.svg,,,,2BK-EX250P,カワサキ,KAWASAKI,日本,Ninja 250,,37,26,WMTC値燃費,795,1990,,166,166,装備重量,"654,500",,,65,希望小売価格,2008,日本仕様,248,cc,MT,2,4st,,,,src/img/bg_medium.svg,src/img/back_medium.svg,1.75%,1.56%,
0103,,,◆,,,,TMR05,0043,TK,,,,,,,#初年度の発売年式,漢カワサキ,2021年情報 ,,,,,,103,src/img/bike_0103.jpg,src/img/bg_カワサキ.svg,,,,2BK-LX230A,カワサキ,KAWASAKI,日本,KLX230,,19,33,WMTC値燃費,885,2105,,134,134,装備重量,"495,000",,,50,希望小売価格,1979,日本仕様,232,cc,MT,1,4st,,,,src/img/bg_medium.svg,src/img/back_medium.svg,1.75%,1.56%,
0104,,,◆,,,,TMR05,0044,TK,,,,,,,#初年度の発売年式,漢カワサキ,2021年情報 ,,,,,,104,src/img/bike_0104.jpg,src/img/bg_カワサキ.svg,,,,2BJ-BR125H,カワサキ,KAWASAKI,日本,Z125 PRO,,10,54,WMTC値燃費,780,1700,,102,102,装備重量,"352,000",,,35,希望小売価格,2016,日本仕様,124,cc,MT,1,4st,,,,src/img/bg_small.svg,src/img/back_small.svg,,,
0105,,,,○,〇,,TMR07,0001,RB,2023/11/5,,,,,撮影ok,@うえやま,神奈川県,173cm,カワサキ,エルミネーター,2024,神奈川,,105,src/img/bike_0105.jpg,,,,,8BL-EL400A,カワサキ,KAWASAKI,日本,エリミネーター400,,48,26,WMTC値燃費,735,2250,,176,176,装備重量,759000,,,76,希望小売価格,2024,日本仕様,398,cc,MT,2,4st,,ノーマルの方の価格。,,src/img/bg_medium.svg,src/img/back_medium.svg,,,
0106,,,,○,〇,,TMR07,0002,MV,2023/11/5,,,,,撮影ok,@とおる,山梨県,173cm,トライアンフ,ロケット3  ツーリング,2009,道志・奥多摩・秩父・八ヶ岳・富士山・箱根,,106,src/img/bike_0106.jpg,,,,,,トライアンフ,Triumph,イギリス,ロケット3,ツーリング,142,17,実燃費（個人サイト情報）,740,2500,,395,395,装備重量,2509500,,,251,希望小売価格,2009,※海外メーカーモデル,2294,cc,MT,3,4st,,2009年は、ファイナルエディション。,,src/img/bg_large.svg,src/img/back_large.svg,,,
0107,,,,,,,TMR07,0003,MV,2023/11/11,,,,,受信,@ジマ,神奈川県,157cm,ホンダ,レブル250S,2020,神奈川,,107,src/img/bike_0107.jpg,,,,,2BK-MC49,ホンダ,HONDA,日本,レブル250S,,26,34,WMTC値燃費,690,2205,,171,171,装備重量,638000,,,64,希望小売価格,2020,日本仕様,249,cc,MT,1,4st,,,,src/img/bg_medium.svg,src/img/back_medium.svg,,,
0108,,,,,,,TMR07,0004,MV,2023/11/11,,,,,受信,@マサキ,神奈川県,166cm,カワサキ,ニンジャ1000,2018,神奈川,,108,src/img/bike_0108.jpg,,,,,2BL-ZXT00W,カワサキ,KAWASAKI,日本,Ninja 1000,,141,18,WMTC値燃費,815,2100,,235,235,装備重量,1274400,,,127,希望小売価格,2018,日本仕様,1043,cc,MT,4,4st,,,,src/img/bg_large.svg,src/img/back_large.svg,,,
0109,,,,○,〇,,TMR07,0005,MV,2023/11/12,,,,,撮影ok,@とおる,山梨県,173cm,ホンダ,スーパーカブ,2002,道志・奥多摩・秩父・八ヶ岳・富士山・箱根,,109,src/img/bike_0109.jpg,,,,,BC-HA02,ホンダ,HONDA,日本,スーパーカブ,,7,45,実燃費（投稿サイト情報）,735,1805,,86,86,装備重量,185000,,,19,希望小売価格,2002,日本仕様,85,cc,AT,1,4st,,デラックスモデル。https://global.honda/jp/news/2002/2020212-cub.html,,src/img/bg_small.svg,src/img/back_small.svg,,,
0110,,,,○,,,TMR07,0006,MV,2023/11/12,,,,,撮影ok再,@だい,埼玉県,178cm,ホンダ,CB1300 SB,2021,秩父,,110,src/img/bike_0110.jpg,,,,,8BL-SC54,ホンダ,HONDA,日本,CB1300 SUPER BOL D'OR SP,,113,17,WMTC値燃費,790,2200,,272,272,装備重量,1672000,,,167,希望小売価格,2021,日本仕様,1284,cc,MT,4,4st,,,,src/img/bg_large.svg,src/img/back_large.svg,,,
0111,,,,,,,TMR07,0007,MV,2023/11/12,,,,,撮影ok再,@エイシン,千葉県,173cm,カワサキ,ZRX1200ダエグ,2012,千葉県,,111,src/img/bike_0111.jpg,,,,,EBL-ZRT20D,カワサキ,KAWASAKI,日本,ZRX1200 DAEG,,110,18,実燃費（投稿サイト情報）,790,2150,,246,246,装備重量,1140000,,,114,希望小売価格,2012,日本仕様,1164,cc,MT,4,4st,,2012年12月ファイナルエディション,,src/img/bg_large.svg,src/img/back_large.svg,,,
0112,,,,○,,,TMR07,0008,MV,2023/11/12,,,,,撮影ok,@にじーろ,神奈川県,167cm,ホンダ,シャドウPhantom750,2015,神奈川,,112,src/img/bike_0112.jpg,,,,,EBL-RC53,ホンダ,HONDA,日本,Shadow Phantom 750,,44,27,実燃費（投稿サイト情報）,650,2405,,250,250,装備重量,853200,,,85,希望小売価格,2015,日本仕様,745,cc,MT,2,4st,,2012年仕様。20212年モデルのみ発売っぽい,,src/img/bg_large.svg,src/img/back_large.svg,,,
0113,,,,○,,,TMR07,0009,MV,2023/11/12,,,,,撮影ok,@バイソン,神奈川県,167cm,ドゥカティ,モンスターS2R800,2005,神奈川,,113,src/img/bike_0113.jpg,,,,,,ドゥカティ,DUCATI,イタリア,Monster S2R,,78,21,実燃費（投稿サイト情報）,800,2105,173,,173,乾燥重量,1050000,,,105,希望小売価格,2005,※海外メーカーモデル,803,cc,MT,2,4st,,,,src/img/bg_large.svg,src/img/back_large.svg,,,
0114,,,,,,,TMR07,0010,MV,2023/11/12,,,,,受信,@タケちゃん,神奈川県,164cm,ヤマハ,セロー225,1989,神奈川,,114,src/img/bike_0114.jpg,,,,,1KH,ヤマハ,YAMAHA,日本,セロー225,,20,29,実燃費（投稿サイト情報）,810,2070,106,,106,乾燥重量,413000,,,41,中古相場価格税込,1989,日本仕様,223,cc,MT,1,4st,,,,src/img/bg_medium.svg,src/img/back_medium.svg,,,
0115,,,,○,,,TMR07,0011,MV,2023/11/13,,,,,staff,@らりちぇった,神奈川県,175cm,ホンダ,CB750F,1983,道志箱根,,115,src/img/bike_0115.jpg,,,,,RC04,ホンダ,HONDA,日本,CB750F,,70,18,実燃費（投稿サイト情報）,800,2180,,250,250,装備重量,538000,,,54,希望小売価格,1983,日本仕様,748,cc,MT,4,4st,,1982年の情報。新車価格は、バイクパッションというサイトから引用。,,src/img/bg_large.svg,src/img/back_large.svg,,,
0116,,,,,,,TMR07,0012,MV,2023/11/13,,,,,staff,@ミツヒロ,神奈川県,164cm,ホンダ,Rebel 1100MT,2023,宮ヶ瀬・ヤビツ峠・奥多摩周遊道路・椿ライン・西伊豆スカイラインetc.,,116,src/img/bike_0116.jpg,,,,,8BL-SC83,ホンダ,HONDA,日本,Rebel 1100,,87,19,WMTC値燃費,700,2240,,223,223,装備重量,1138500,,,114,希望小売価格,2023,日本仕様,1082,cc,MT,2,4st,,ノーマークという認識,,src/img/bg_large.svg,src/img/back_large.svg,,,
0117,,,,○,,,TMR07,0013,MV,2023/11/14,,,,,staff,@サッシー,神奈川県,163cm,ヤマハ,YZF-R6,2017,湘南・宮ヶ瀬・ヤビツ峠・ターンパイク箱根・大観山・芦ノ湖スカイライン・箱根スカイライン・伊豆スカイラインetc.,,117,src/img/bike_0117.jpg,,,,,,ヤマハ,YAMAHA,日本,YZF-R6,,118,17,実燃費（投稿サイト情報）,850,2040,,190,190,装備重量,1378487,,,138,希望小売価格,2017,※海外メーカーモデル,599,cc,MT,4,4st,,"12,199USドル（2017/3為替レート113円換算）",,src/img/bg_large.svg,src/img/back_large.svg,,,
0118,,,,,,,TMR07,0014,MV,2023/11/15,,,,,staff,@たくみ,神奈川県,179cm,スズキ,GSR400,2009,宮ヶ瀬・江ノ島・湘南平・奥多摩・椿ライン,,118,src/img/bike_0118.jpg,,,,,EBL-GK7EA,スズキ,SUZUKI,日本,GSR400,,61,21,WMTC値燃費,785,2090,,215,215,装備重量,861000,,,86,希望小売価格,2009,日本仕様,398,cc,MT,4,4st,,,,src/img/bg_medium.svg,src/img/back_medium.svg,,,
0119,,,,,,,TMR07,0015,MV,2023/11/15,,,,,staff,@ジョウジ,神奈川県,169cm,ホンダ,VT400S,2011,神奈川・静岡,,119,src/img/bike_0119.jpg,,,,,EBL-NC46,ホンダ,HONDA,日本,VT400S,,31,22,WMTC値燃費,750,2295,,229,229,装備重量,689040,,,69,希望小売価格,2011,日本仕様,398,cc,MT,2,4st,,パールヘロンブルー（青のほうがグラファイトブラックより2万円高い）,,src/img/bg_medium.svg,src/img/back_medium.svg,,,
0120,,,,○,,,TMR07,0016,MV,2023/11/18,,,,,staff,@トモ,神奈川県,170cm,カワサキ,Ninja1000SX,2020,宮ヶ瀬、どうし、山中湖、有馬ダム、伊豆、箱根,,120,src/img/bike_0120.jpg,,,,,2BL-ZXT02K,カワサキ,KAWASAKI,日本,Ninja 1000SX,,141,18,WMTC値燃費,820,2100,,236,236,装備重量,1485000,,,149,希望小売価格,2020,日本仕様,1043,cc,MT,4,4st,,,,src/img/bg_large.svg,src/img/back_large.svg,,,
0121,,,,○,〇,,TMR07,0017,MV,2023/11/19,,,,,撮影ok,@そこぬけ,東京都,176cm,ハスクバーナ,VITPILEN701,2020,東京都、神奈川県、山梨県,,121,src/img/bike_0121.jpg,,,,,,ハスクバーナ,Husqvarna,スエーデン,VITPILEN 701,,76,30,実燃費（個人サイト情報）,830,2167,,157,157,装備重量,1380100,,,138,希望小売価格,2020,※海外メーカーモデル,693,cc,MT,1,4st,,全長不明。燃費情報もサンプルが一人。→ホイールベースの差分で算出（701が1434mm、401が1357mmなので差分77mm、401全長2090mmに77mm足すと2167mm）,,src/img/bg_large.svg,src/img/back_large.svg,,,
0122,,,,,,,TMR07,0018,MV,2023/11/19,,,,,撮影ok,@そまきゅん,神奈川県,162cm,ロイヤルエンフィールド,コンチネンタルgt650,2021,アクアライン,,122,src/img/bike_0122.jpg,,,,,,ロイヤルエンフィールド,Royal Enfield,イギリス,CONTINENTAL GT 650,,48,27,実燃費（個人サイト情報）,820,2119,,211,211,装備重量,970200,,,97,希望小売価格,2021,※海外メーカーモデル,648,cc,MT,2,4st,,燃費が25～29km/lらしい。価格は、 Standard（Rocker Red）,,src/img/bg_large.svg,src/img/back_large.svg,,,
0123,,,,○,,,TMR07,0019,MV,2023/11/19,,,,,撮影ok,@ケンケン,神奈川県,169cm,ロイヤルエンフィールド,コンチネンタルGT650,2022,アクアライン,,123,src/img/bike_0123.jpg,,,,,,ロイヤルエンフィールド,Royal Enfield,イギリス,CONTINENTAL GT 650,,48,27,実燃費（個人サイト情報）,820,2119,,212,212,装備重量,1017500,,,102,希望小売価格,2022,※海外メーカーモデル,648,cc,MT,2,4st,,燃費が25～29km/lらしい。価格は、 CONTINENTAL GT 650 Dark（Apex Grey）,,src/img/bg_large.svg,src/img/back_large.svg,,,
0124,,,,,,,TMR07,0020,MV,2023/11/19,,,,,撮影9ok,@しかばね,神奈川県,165cm,ロイヤルエンフィールド,スーパーメテオ650,2023,アクアライン、どうし道,,124,src/img/bike_0124.jpg,,,,,,ロイヤルエンフィールド,Royal Enfield,イギリス,Super Meteor 650 Tourer,,47,20,実燃費（個人サイト情報）,740,2300,,244,244,装備重量,979000,,,98,希望小売価格,2023,※海外メーカーモデル,648,cc,MT,2,4st,,標準モデル（ブラック、ブルー、グリーン）の価格。（グリーンのみ99万8800円）,,src/img/bg_large.svg,src/img/back_large.svg,,,
0125,,,,○,,,TMR07,0021,MV,2023/11/19,,,,,撮影6ok,@ヒデ,神奈川県,172cm,ロイヤルエンフィールド,GT650,2022,神奈川,,125,src/img/bike_0125.jpg,,,,,,ロイヤルエンフィールド,Royal Enfield,イギリス,CONTINENTAL GT 650 Standard,,48,30,実燃費（個人サイト情報）,820,2119,,211,211,装備重量,970200,,,97,希望小売価格,2022,※海外メーカーモデル,648,cc,MT,2,4st,,"Standard（Rocker Red, British Racing Green）の価格",,src/img/bg_large.svg,src/img/back_large.svg,,,
0126,,,,○,,,TMR07,0022,MV,2023/11/19,,,,,撮影ok,@タケちゃん,神奈川県,164cm,ホンダ,VTR250,2009,神奈川,,126,src/img/bike_0126.jpg,,,,,JBK-MC33,ホンダ,HONDA,日本,VTR250,,30,28,実燃費（投稿サイト情報）,760,2080,,161,161,装備重量,598320,,,60,希望小売価格,2009,日本仕様,249,cc,MT,2,4st,,ノーマークエディションの価格,,src/img/bg_medium.svg,src/img/back_medium.svg,,,
0127,,,,,,,TMR07,0023,MV,2023/11/19,,,,,撮影ok,@こじま　さとし,神奈川県,170cm,ヤマハ,SDR200,1987,宮ケ瀬,,127,src/img/bike_0127.jpg,,,,,2TV,ヤマハ,YAMAHA,日本,SDR200,,34,25,WMTC値燃費,770,1945,105,,105,乾燥重量,379000,,,38,希望小売価格,1987,日本仕様,195,cc,MT,1,2st,,1987年モデルのみ,,src/img/bg_medium.svg,src/img/back_medium.svg,,,
0128,,,,,,,TMR07,0024,MV,2023/11/19,,,,,撮影2ok,@ツルハ,山梨県,165cm,ロイヤルエンフィールド,Hunter350,2023,どうし道,,128,src/img/bike_0128.jpg,,,,,,ロイヤルエンフィールド,Royal Enfield,イギリス,Hunter350,,21,36,実燃費（個人サイト情報）,790,2100,,181,181,装備重量,657800,,,66,希望小売価格,2023,※海外メーカーモデル,349,cc,MT,1,4st,,"価格は、標準モデル（ Dapper White, Dapper Ash, Dapper Grey ）",,src/img/bg_medium.svg,src/img/back_medium.svg,,,
0129,,,,○,,,TMR07,0025,MV,2023/11/19,,,,,撮影3ok,@まゆ,神奈川県,163cm,ロイヤルエンフィールド,classic350　,2023,神奈川,,129,src/img/bike_0129.jpg,,,,,,ロイヤルエンフィールド,Royal Enfield,イギリス,CLASSIC 350,,21,42,実燃費（投稿サイト情報）,805,2145,,195,195,装備重量,694100,,,69,希望小売価格,2023,※海外メーカーモデル,349,cc,MT,1,4st,,"2022年モデル参照。 価格は、標準モデル（Halcyon Green, Halcyon Grey, Halcyon Black）",,src/img/bg_medium.svg,src/img/back_medium.svg,,,
0130,,,,○,,,TMR07,0026,MV,2023/11/19,,,,,撮影4ok,@けいこ,山梨県,165cm,ロイヤルエンフィールド,メテオ350,2022,山中湖,,130,src/img/bike_0130.jpg,,,,,,ロイヤルエンフィールド,Royal Enfield,イギリス,Meteor350 FIREBALL,,21,34,実燃費（個人サイト情報）,765,2140,,191,191,装備重量,710600,,,71,希望小売価格,2022,※海外メーカーモデル,349,cc,MT,1,4st,,"2021年モデル参照。価格は、標準モデル（Fireball Red, Fireball Yellow, Fireball Blue, Fireball Matt Green）",,src/img/bg_medium.svg,src/img/back_medium.svg,,,
0131,,,,○,,,TMR07,0027,MV,2023/11/19,,,,,撮影5ok,@むらきゃみだいち,神奈川県,167cm,ロイヤルエンフィールド,classic350,2022,逗子葉山,,131,src/img/bike_0131.jpg,,,,,,ロイヤルエンフィールド,Royal Enfield,イギリス,Classic350,,21,42,実燃費（投稿サイト情報）,805,2145,,195,195,装備重量,694100,,,69,希望小売価格,2022,※海外メーカーモデル,349,cc,MT,1,4st,,"価格は、標準モデル（Halcyon Green, Halcyon Grey, Halcyon Black）",,src/img/bg_medium.svg,src/img/back_medium.svg,,,
0132,,,,○,,,TMR07,0028,MV,2023/11/19,,,,,撮影7ok,@くりやま,東京都,176cm,ロイヤルエンフィールド,INT650,2022,東京都,,132,src/img/bike_0132.jpg,,,,,,ロイヤルエンフィールド,Royal Enfield,イギリス,INT 650,,48,27,実燃費（個人サイト情報）,805,2119,,217,217,装備重量,947100,,,95,希望小売価格,2022,※海外メーカーモデル,648,cc,MT,2,4st,,Standard (Orange Crush),,src/img/bg_large.svg,src/img/back_large.svg,,,
0133,,,,○,,,TMR07,0029,MV,2023/11/19,,,,,撮影8ok,@なかた,東京都,165cm,ロイヤルエンフィールド,INT650,2021,東京都,,133,src/img/bike_0133.jpg,,,,,,ロイヤルエンフィールド,Royal Enfield,イギリス,INT 650,,48,27,実燃費（個人サイト情報）,805,2119,,217,217,装備重量,947100,,,95,希望小売価格,2021,※海外メーカーモデル,648,cc,MT,2,4st,,シリーズ不明。写真は、人物代行メモあり。,,src/img/bg_large.svg,src/img/back_large.svg,,,
0134,,,,○,,,TMR07,0030,MV,2023/11/19,,,,,撮影ok,@さとまる,神奈川県,169cm,スズキ,SV650,2022,神奈川,,134,src/img/bike_0134.jpg,,,,,8BL-VP55E,スズキ,SUZUKI,日本,SV650,,72,24,WMTC値燃費,785,2140,,199,199,装備重量,803000,,,80,希望小売価格,2022,日本仕様,645,cc,MT,2,4st,,,,src/img/bg_large.svg,src/img/back_large.svg,,,
0135,,,,○,,,TMR07,0031,MV,2023/11/19,,,,,撮影10ok,@ヨコヤマ,埼玉県,170cm,ロイヤルエンフィールド,Hunter350,2023,埼玉,,135,src/img/bike_0135.jpg,,,,,,ロイヤルエンフィールド,Royal Enfield,イギリス,Hunter350,,20,36,実燃費（個人サイト情報）,790,2100,,181,181,装備重量,657800,,,66,希望小売価格,2023,※海外メーカーモデル,349,cc,MT,1,4st,,Dapperシリーズ,,src/img/bg_medium.svg,src/img/back_medium.svg,,,
0136,,,,○,〇,,TMR07,0032,MV,2023/11/19,,,,,撮影rn,@カエル,神奈川県,172cm,ホンダ,CBR250RR,2023,神奈川,,136,src/img/bike_0136.jpg,,,,,8BK-MC51,ホンダ,HONDA,日本,CBR250RR,,42,27,WMTC値燃費,790,2065,,168,168,装備重量,907500,,,91,希望小売価格,2023,日本仕様,249,cc,MT,2,4st,,,,src/img/bg_medium.svg,src/img/back_medium.svg,,,
0137,,,,○,,,TMR07,0033,MV,2023/11/19,,,,,撮影rn,@よし,神奈川県,179cm,カワサキ,Z900RS,2022,神奈川,,137,src/img/bike_0137.jpg,,,,,2BL-ZR900C,カワサキ,KAWASAKI,日本,Z900RS,,111,20,WMTC値燃費,800,2100,,215,215,装備重量,1386000,,,139,希望小売価格,2022,日本仕様,948,cc,MT,4,4st,,,,src/img/bg_large.svg,src/img/back_large.svg,,,
0138,,,,○,,,TMR07,0034,MV,2023/11/19,,,,,撮影rn,@たくと,神奈川県,172cm,スズキ,GSXR1000R,2019,神奈川,,138,src/img/bike_0138.jpg,,,,,2BL-DM11G,スズキ,SUZUKI,日本,GSX-R1000R,,197,17,WMTC値燃費,825,2075,,203,203,装備重量,2156000,,,216,希望小売価格,2019,日本仕様,999,cc,MT,4,4st,,,,src/img/bg_large.svg,src/img/back_large.svg,,,
0139,,,,○,〇,,TMR07,0035,MV,2023/11/19,,,,,撮影rn,@ぐすくま,神奈川県,153cm,ホンダ,VT400S,2013,神奈川,,139,src/img/bike_0139.jpg,,,,,EBL-NC46,ホンダ,HONDA,日本,VT400S,,31,22,実燃費（投稿サイト情報）,750,2295,,229,229,装備重量,668520,,,67,希望小売価格,2013,日本仕様,398,cc,MT,2,4st,,★2011年モデルのみしかないはず（119にもいるので統一したほうがよさそう）。。カラーは、グラファイトブラック,,src/img/bg_medium.svg,src/img/back_medium.svg,,,
0140,,,,○,△,,TMR07,0036,MV,2023/11/19,,,,,撮影rn,@のむけん,神奈川県,172cm,スズキ,GSR400,2010,神奈川,,140,src/img/bike_0140.jpg,,,,,EBL-GK7EA,スズキ,SUZUKI,日本,GSR400,,61,21,実燃費（投稿サイト情報）,785,2090,,215,215,装備重量,550000,,,55,中古相場価格税込,2010,日本仕様,398,cc,MT,4,4st,,,,src/img/bg_medium.svg,src/img/back_medium.svg,,,
0141,,,,,,,TMR07,0037,MV,2023/11/19,,,,,撮影rn,@サト,神奈川県,170cm,ヤマハ,セロー250,2018,神奈川,,141,src/img/bike_0141.jpg,,,,,2BK-DG31J,ヤマハ,YAMAHA,日本,セロー250,,20,39,WMTC値燃費,830,2100,,133,133,装備重量,564840,,,56,希望小売価格,2018,日本仕様,249,cc,MT,1,4st,,,,src/img/bg_medium.svg,src/img/back_medium.svg,,,
0142,,,,,,,TMR07,0038,MV,2023/11/19,,,,,撮影rn,@てぃーけぇーじぃー,神奈川県,171cm,ホンダ,CBR250RR,1990,神奈川,,142,src/img/bike_0142.jpg,,,,,MC22,ホンダ,HONDA,日本,CBR250RR,,45,26,実燃費（投稿サイト情報）,725,1975,,157,157,装備重量,599000,,,60,希望小売価格,1990,日本仕様,249,cc,MT,4,4st,,,,src/img/bg_medium.svg,src/img/back_medium.svg,,,
0143,,,,○,,,TMR07,0039,MV,2023/11/19,,,,,撮影rn,@あの,神奈川県,162cm,ホンダ,400X,2013,神奈川,,143,src/img/bike_0143.jpg,,,,,EBL-NC47,ホンダ,HONDA,日本,400X,,46,30,実燃費（投稿サイト情報）,795,2085,,192,192,装備重量,679350,,,68,希望小売価格,2013,日本仕様,399,cc,MT,4,4st,,,,src/img/bg_medium.svg,src/img/back_medium.svg,,,
0144,,,,○,,,TMR07,0040,MV,2023/11/19,,,,,撮影rn,@ぽち,神奈川県,177cm,ヤマハ,XSR900,2018,神奈川,,144,src/img/bike_0144.jpg,,,,,2BL-RN56J,ヤマハ,YAMAHA,日本,XSR900,,116,20,WMTC値燃費,830,2075,,195,195,装備重量,1042200,,,104,希望小売価格,2018,日本仕様,845,cc,MT,3,4st,,,,src/img/bg_large.svg,src/img/back_large.svg,,,
0145,,,,○,〇,,TMR07,0041,MV,2023/11/19,,,,,撮影rm順番？ぐすくま,@シロクマ,神奈川県,153cm,ホンダ,Shadow 400,2007,神奈川,,145,src/img/bike_0145.jpg,,,,,BC-NC34,ホンダ,HONDA,日本,Shadow 400,,33,22,実燃費（投稿サイト情報）,675,2450,,248,248,装備重量,724500,,,72,希望小売価格,2007,日本仕様,398,cc,MT,2,4st,,,,src/img/bg_medium.svg,src/img/back_medium.svg,,,
0146,,,,○,,,TMR07,0042,MV,2023/11/19,,,,,撮影rn,@たけ,神奈川県,167cm,ロイヤルエンフィールド,Classic350　,2022,神奈川,,146,src/img/bike_0146.jpg,,,,,,ロイヤルエンフィールド,Royal Enfield,イギリス,Classic350,Signals,20,42,実燃費（投稿サイト情報）,805,2145,,195,195,装備重量,577500,,,58,希望小売価格,2022,※海外メーカーモデル,349,cc,MT,1,4st,,グレード名にSignalsが付いている,,src/img/bg_medium.svg,src/img/back_medium.svg,,,
0147,,,,○,,,TMR07,0043,MV,2023/11/19,,,,,撮影rn,@ミルタン,神奈川県,171cm,ハーレーダビッドソン,Sportster XL1200CX Roadster,2018,伊豆箱根,,147,src/img/bike_0147.jpg,,,,,,ハーレーダビッドソン,Harley-Davidson,アメリカ,XL1200CX,Roadster,58,21,実燃費（投稿サイト情報）,785,2185,,259,259,装備重量,1556000,,,156,希望小売価格,2018,※海外メーカーモデル,1202,cc,MT,2,4st,,馬力不明。サイトから引用。https://www.xl1200cx.com/entry/2017/06/25/175208。価格は、ビビッドブラック。写真から判断。。,,src/img/bg_large.svg,src/img/back_large.svg,,,
0148,,,,○,,,TMR07,0044,MV,2023/11/19,,,,,撮影rn,@つの,神奈川県,166cm,スズキ,SV650X,2022,神奈川,,148,src/img/bike_0148.jpg,,,,,8BL-VP55E,スズキ,SUZUKI,日本,SV650X,,72,24,WMTC値燃費,790,2140,,199,199,装備重量,803000,,,80,希望小売価格,2022,日本仕様,645,cc,MT,2,4st,,,,src/img/bg_large.svg,src/img/back_large.svg,,,
0149,,,,○,〇,,TMR07,0045,MV,2023/11/19,,,,,撮影rn,@メグロ,神奈川県,172cm,KTM,390 DUKE,2020,宮ヶ瀬,,149,src/img/bike_0149.jpg,,,,,,ケーティーエム,KTM,オーストリア,390 DUKE,,44,27,実燃費（投稿サイト情報）,830,2020,,153,153,装備重量,789000,,,79,希望小売価格,2020,※海外メーカーモデル,373,cc,MT,1,4st,,2022モデル抜粋,,src/img/bg_medium.svg,src/img/back_medium.svg,,,
0150,,,,○,,,TMR07,0046,MV,2023/11/19,,,,,撮影rn,@まーくす,神奈川県,168cm,ハーレーダビッドソン,FXDL ダイナ ローライダー,2012,箱根,,150,src/img/bike_0150.jpg,,,,,,ハーレーダビッドソン,Harley-Davidson,アメリカ,FXDL Lowrider,,70,16,実燃費（投稿サイト情報）,655,2350,,305,305,装備重量,1958000,,,196,希望小売価格,2012,※海外メーカーモデル,1584,cc,MT,2,4st,,馬力不明。サイトから引用。https://www.bike-passion.net/market/harley/1450cc/fxdl-dyna-low-rider-twincam88.htm,,src/img/bg_large.svg,src/img/back_large.svg,,,
0151,,,,○,〇,,TMR07,0047,MV,2023/11/19,,,,,撮影rn,@くじら,東京都,159cm,ホンダ,Ape100,2002,東京,,151,src/img/bike_0151.jpg,,,,,BC-HC07,ホンダ,HONDA,日本,Ape100,,7,39,実燃費（投稿サイト情報）,715,1715,,87,87,装備重量,249000,,,25,希望小売価格,2002,日本仕様,99,cc,MT,1,4st,,,,src/img/bg_small.svg,src/img/back_small.svg,,,
0152,,,,○,,,TMR07,0048,MV,2023/11/19,,,,,撮影rn,@フランカー,神奈川県,176cm,ヤマハ,XSR900,2016,神奈川,,152,src/img/bike_0152.jpg,,,,,EBL-RN46J,ヤマハ,YAMAHA,日本,XSR900,,110,19,WMTC値燃費,830,2075,,195,195,装備重量,1042200,,,104,希望小売価格,2016,日本仕様,845,cc,MT,3,4st,,,,src/img/bg_large.svg,src/img/back_large.svg,,,
0153,,,,○,〇,,TMR07,0049,MV,2023/11/19,,,,,撮影rn,@マツバラテツ,神奈川県,172cm,カワサキ,KLX125,2016,神奈川県,,153,src/img/bike_0153.jpg,,,,,EBJ-LX125C,カワサキ,KAWASAKI,日本,KLX125,,10,46,WMTC値燃費,830,1980,,112,112,装備重量,348840,,,35,希望小売価格,2016,日本仕様,124,cc,MT,1,4st,,,,src/img/bg_small.svg,src/img/back_small.svg,,,
0154,,,,○,〇,,TMR07,0050,MV,2023/11/19,,,,,撮影rn,@シュウ,神奈川県,170cm,ホンダ,ベンリィCD50,1999,横浜,,154,src/img/bike_0154.jpg,,,,,,ホンダ,HONDA,日本,ベンリィCD50,,11,25,実燃費（オーナー情報）,760,1910,90,,90,乾燥重量,250000,,,25,中古相場価格税込,1999,日本仕様,125,cc,AT,1,4st,,★車種名情報に50の記載があるが、スペックの情報が124となっている。価格もちょっとチートすぎるので、世間一般的な値がよいと思われる,,src/img/bg_small.svg,src/img/back_small.svg,,,
0155,,,,,,,TMR07,0051,MV,2023/11/19,,,,,受信,@えり,神奈川県,169cm,ホンダ,CBR400R,2013,横浜,,155,src/img/bike_0155.jpg,,,,,EBL-NC47,ホンダ,HONDA,日本,CBR400R,,46,31,実燃費（投稿サイト情報）,785,2075,,194,194,装備重量,689040,,,69,希望小売価格,2013,日本仕様,399,cc,MT,2,4st,,,,src/img/bg_medium.svg,src/img/back_medium.svg,,,
0156,,,,,,,TMR07,0052,MV,2023/11/19,,,,,撮影rn,@ウシさいとう,神奈川県,168cm,ヤマハ,XMAX-R,2019,神奈川,,156,src/img/bike_0156.jpg,,,,,2BK-SG42J,ヤマハ,YAMAHA,日本,XMAX-R,,27,34,WMTC値燃費,795,2185,,174,174,装備重量,804000,,,80,希望小売価格,2019,日本仕様,249,cc,AT,1,4st,,,,src/img/bg_medium.svg,src/img/back_medium.svg,,,
0157,,,,○,,,TMR07,0053,MV,2023/11/19,,,,,撮影rn,@ウワガキみわた,神奈川県,170cm,ハスクバーナ,Vitpilen 401,2022,神奈川,,157,src/img/bike_0157.jpg,,,,,,ハスクバーナ,Husqvarna,スエーデン,Vitpilen 401,,44,32,実燃費（オーナー情報）,835,2090,151,,151,乾燥重量,767000,,,77,希望小売価格,2022,※海外メーカーモデル,373,cc,MT,1,4st,,,,src/img/bg_medium.svg,src/img/back_medium.svg,,,
0158,,,,○,〇,,TMR07,0054,MV,2023/11/19,,,,,撮影1,@きむらゆうき,神奈川県,170cm,ロイヤルエンフィールド,Continental GT 535,2014,神奈川,,158,src/img/bike_0158.jpg,,,,,,ロイヤルエンフィールド,Royal Enfield,イギリス,Continental GT 535,,29,35,実燃費（個人サイト情報）,800,2060,184,,184,乾燥重量,879900,,,88,希望小売価格,2014,※海外メーカーモデル,535,cc,MT,1,4st,,ツルハさん代理エントリー→Continental GT 535。燃費情報がほぼなし。大体30km/l台https://www.goobike.com/learn/report/48/13489999/13489999.html#:~:text=%E3%82%A8%E3%83%B3%E3%82%B8%E3%83%B3%E5%BD%A2%E5%BC%8F%2C%20%E8%BB%8A%E4%B8%A1%E9%87%8D%E9%87%8F%2C%20%E3%82%BF%E3%83%B3%E3%82%AF%E5%AE%B9%E9%87%8F%2C%20%E3%82%BF%E3%82%A4%E3%83%A4%E3%82%B5%E3%82%A4%E3%82%BA%2C%20%E4%BE%A1%E6%A0%BC%2C%20%E5%8D%98%E6%B0%97%E7%AD%92%2C%20184kg%2C%2013.5L%2C%20F:100%EF%BC%8F90%2D18%20R:130%EF%BC%8F70%2D18%2C%2087%E4%B8%879900%E5%86%86%2C,,src/img/bg_large.svg,src/img/back_large.svg,,,
0159,,,,○,,,TMR07,0055,MV,2023/11/23,,,,,staff,@ことぶき,神奈川県,174cm,スズキ,GAG,1986,宮ケ瀬,,159,src/img/bike_0159.jpg,,,,,LA41A,スズキ,SUZUKI,日本,GAG,,5,36,実燃費（投稿サイト情報）,610,1540,,70,70,装備重量,183000,,,18,希望小売価格,1986,日本仕様,49,cc,MT,1,4st,,,,src/img/bg_small.svg,src/img/back_small.svg,,,
0160,,,,○,,,TMR07,0056,MV,2023/11/23,,,,,staff,@ヒデ,神奈川県,172cm,プジョー,Django125,2022,神奈川,,160,src/img/bike_0160.jpg,,,,,,プジョーモトシクル,PEUGEOT MOTOCYCLES,フランス,Django125,SHADOW,11,36,実燃費（投稿サイト情報）,770,1925,129,,129,乾燥重量,434500,,,43,希望小売価格,2022,※海外メーカーモデル,125,cc,AT,1,4st,,,,src/img/bg_small.svg,src/img/back_small.svg,,,
0161,,,,○,,,TMR07,0057,MV,2023/11/23,,,,,staff,@カエル,神奈川県,172cm,ホンダ,MTX50R,1986,神奈川,,161,src/img/bike_0161.jpg,,,,,A-AD06,ホンダ,HONDA,日本,MTX50R,,7,30,実燃費（個人サイト情報）,830,2070,,97,97,装備重量,185000,,,19,希望小売価格,1986,日本仕様,49,cc,MT,1,4st,,1985年式でok？燃費不明、個人サイト上で23～40km/l。,,src/img/bg_small.svg,src/img/back_small.svg,,,
0162,,,,○,,,TMR07,0058,MV,2023/11/23,,,,,staff,@ヒデ,神奈川県,172cm,ホンダ,CT125,2020,神奈川,,162,src/img/bike_0162.jpg,,,,,2BJ-JA55,ホンダ,HONDA,日本,CT125 HUNTER Cub,,9,67,WMTC値燃費,800,1960,,120,120,装備重量,440000,,,44,希望小売価格,2020,日本仕様,124,cc,AT,1,4st,,,,src/img/bg_small.svg,src/img/back_small.svg,,,
0163,,,,○,,,TMR07,0059,MV,2023/11/24,,,,,staff,@はるきち,神奈川県,178cm,ホンダ,Monkey125,2019,神奈川,,163,src/img/bike_0163.jpg,,,,,2BJ-JB02,ホンダ,HONDA,日本,MONKEY125,,9,67,WMTC値燃費,775,1710,,107,107,装備重量,432000,,,43,希望小売価格,2019,日本仕様,124,cc,MT,1,4st,,,,src/img/bg_small.svg,src/img/back_small.svg,,,
0164,,,,○,〇,,TMR07,0060,MV,2023/11/26,,,,,撮影,@ばらい,神奈川県,168cm,ヤマハ,マジェスティ125,2001,神奈川,,164,src/img/bike_0164.jpg,,,,,,ヤマハ,YAMAHA,日本,マジェスティ125,,8,34,実燃費（個人サイト情報）,710,2065,,147,147,装備重量,140000,,,14,中古相場価格税込,2001,※海外メーカーモデル,124,cc,AT,1,4st,,,,src/img/bg_small.svg,src/img/back_small.svg,,,
0165,,,,○,〇,,TMR07,0061,MV,2023/11/26,,,,,撮影,@みき,神奈川県,168cm,ヤマハ,シグナスX,2006,神奈川,,165,src/img/bike_0165.jpg,,,,,BC-SE12J,ヤマハ,YAMAHA,日本,シグナスX,,10,32,実燃費（投稿サイト情報）,755,1855,,119,119,装備重量,112000,,,11,中古相場価格税込,2006,日本仕様,124,cc,AT,1,4st,,,,src/img/bg_small.svg,src/img/back_small.svg,,,
0166,,,,,,,TMR07,0062,MV,2023/11/26,,,,,撮影,@しろくま,神奈川県,178cm,カワサキ,エルミネーター400SE,2023,神奈川,,166,src/img/bike_0166.jpg,,,,,8BL-EL400A,カワサキ,KAWASAKI,日本,ELIMINATOR SE,,48,26,WMTC値燃費,735,2250,,178,178,装備重量,858000,,,86,希望小売価格,2023,日本仕様,398,cc,MT,2,4st,,2023年4月発売ながら、モデルイヤー上は2024年モデル？,,src/img/bg_medium.svg,src/img/back_medium.svg,,,
0167,,,,○,,,TMR07,0063,MV,2023/11/26,,,,,撮影,@しん,神奈川県,175cm,ホンダ,CT125,2020,神奈川,,167,src/img/bike_0167.jpg,,,,,2BJ-JA55,ホンダ,HONDA,日本,CT125 HUNTER Cub,,9,67,WMTC値燃費,800,1960,,120,120,装備重量,440000,,,44,希望小売価格,2020,日本仕様,124,cc,AT,1,4st,,※162と重複,,src/img/bg_small.svg,src/img/back_small.svg,,,
0168,,,,,,,TMR07,0064,MV,2023/11/27,,,,,staff,@ぽち,神奈川県,177cm,スズキ,SWISH,2020,神奈川,,168,src/img/bike_0168.jpg,,,,,2BJ-DV12B,スズキ,SUZUKI,日本,SWISH,,9,50,WMTC値燃費,760,1830,,114,114,装備重量,346500,,,35,希望小売価格,2020,日本仕様,124,cc,AT,1,4st,,2019年仕様,,src/img/bg_small.svg,src/img/back_small.svg,,,
0169,,,,,,,TMR07,0065,MV,2023/12/3,,,,,staff,@ヒロくん,東京都,175cm,スズキ,hayabusa,2008,東京都,,169,src/img/bike_0169.jpg,,,,,,スズキ,SUZUKI,日本,Hayabusa,,197,17,実燃費（投稿サイト情報）,805,2190,,260,260,装備重量,1250000,,,125,中古相場価格税込,2008,日本仕様,1298,cc,MT,4,4st,,,,src/img/bg_large.svg,src/img/back_large.svg,,,
0170,,,,○,,,TMR07,0066,MV,2024/01/14,,,,,app,@ヤミイ,東京都,184cm,ハスクバーナ,VITPILEN701,2018,東京都,,170,src/img/bike_0170.jpg,,,,,,ハスクバーナ,Husqvarna,スエーデン,VITPILEN 701,,76,30,実燃費（個人サイト情報）,830,2167,,157,157,装備重量,1380100,,,138,希望小売価格,2018,※海外メーカーモデル,693,cc,MT,1,4st,,,,src/img/bg_large.svg,src/img/back_large.svg,,,
0171,,,,,,,TMR07,0067,MV,2024/01/14,,,,,app,@ヤミイ,東京都,184cm,アプリリア,RX125,2022,東京都,,171,src/img/bike_0171.jpg,,,,,,アプリリア,Aprilia,イタリア,RX125,,15,15,実燃費（投稿サイト情報）,905,2145,,134,134,装備重量,441000,,,44,希望小売価格,2022,※海外メーカーモデル,124,cc,MT,1,4st,,,,src/img/bg_small.svg,src/img/back_small.svg,,,
0172,,,,,,,TMR07,0068,EM,2024/01/04,,,,,app,@バードマン,神奈川県,172cm,ホンダ,CB400SF,2020,神奈川,,172,src/img/bike_0172.jpg,,,,,,ホンダ,HONDA,日本,CB400SF,,56,21,WMTC値燃費,755,2080,,201,201,装備重量,917400,,,92,希望小売価格,2020,日本仕様,399,cc,MT,4,4st,,,,src/img/bg_medium.svg,src/img/back_medium.svg,,,
0173,,,,○,,,TMR07,0069,MV,2024/07/10,,,,,KAZUMA,@ピカピカちゃん,神奈川県,160cm,ヤマハ,SR400,2021,神奈川,,173,src/img/bike_0173.jpg,,,,,,ヤマハ,YAMAHA,日本,SR400,,24,30,WMTC値燃費,790,2085,,175,175,装備重量,605000,,,61,希望小売価格,2021,日本仕様,399,cc,MT,1,4st,,最終型SR400 Final Editionの場合,,src/img/bg_medium.svg,src/img/back_medium.svg,,,
0174,,,,○,,,TMR07,0070,RM,,,,,,ug,@ロマン,埼玉県,177cm,ホンダ,CB1100RD,1983,本庄サーキット、筑波サーキット,,174,src/img/bike_0174.jpg,,,,,,ホンダ,HONDA,日本,CB1100RD,,120,12,実燃費（オーナー情報）,795,2220,233,,233,乾燥重量,4000000,,,400,希望小売価格,1983,日本仕様,1062,cc,MT,4,4st,,,,src/img/bg_large.svg,src/img/back_large.svg,,,
0175,,,,,〇,,TMR07,0071,RB,2025/01/12,,,,,,@ウワガキみわた,神奈川,170cm,ハスクバーナ,Vitpilen 401,2022,,,175,src/img/bike_0175.jpg,,,,,,ハスクバーナ,Husqvarna,スエーデン,Vitpilen 401,,44,32,実燃費（オーナー情報）,835,2090,151,,151,乾燥重量,767000,,,77,希望小売価格,2022,※海外メーカーモデル,373,cc,MT,1,4st,,,,src/img/bg_medium.svg,src/img/back_medium.svg,,,https://s3.ap-northeast-1.amazonaws.com/bikedb.com/r7starter/Vitpilen401.JPG
0176,,,,,〇,,TMR07,0072,RB,2025/01/12,,,,,,@ウシさいとう,神奈川,168cm,ヤマハ,XMAX-R,2019,,,176,src/img/bike_0176.jpg,,,,,,ヤマハ,YAMAHA,日本,XMAX-R,,27,34,WMTC値燃費,795,2185,,174,174,装備重量車重,80,80.4,,80,希望小売価格,2019,日本仕様,249,cc,AT,1,4st,,,,src/img/bg_medium.svg,src/img/back_medium.svg,,,https://s3.ap-northeast-1.amazonaws.com/bikedb.com/r7starter/XMAX-R.JPG
0177,,,,,〇,,TMR07,0073,RB,2025/01/12,,,,,,@ホーネット,東京,160cm,ホンダ,Hornet600,1998,,,177,src/img/bike_0177.jpg,,,,,,ホンダ,HONDA,日本,HORNET 600,,69,21,実燃費（個人サイト情報）,790,2040,,195,195,装備重量車重,,62.9,,63,希望小売価格,1998,日本仕様,599,cc,MT,4,4st,,,,src/img/bg_large.svg,src/img/back_large.svg,,,https://s3.ap-northeast-1.amazonaws.com/bikedb.com/r7starter/HORNET600.JPG
0178,,,,,〇,,TMR07,0074,RB,2025/01/12,,,,,,@ピン,山梨,171cm,カワサキ,W800,2022,,,178,src/img/bike_0178.jpg,,,,,8BL-EJ800E,カワサキ,KAWASAKI,日本,W800,,52,21,WMTC値燃費,790,2190,,226,226,装備重量車重,,117.7,,118,希望小売価格,2022,日本仕様,773,cc,MT,2,4st,,,,src/img/bg_large.svg,src/img/back_large.svg,,,https://s3.ap-northeast-1.amazonaws.com/bikedb.com/r7starter/W800.JPG
0179,,,,,〇,,TMR07,0075,RB,2025/01/12,,,,,,@ゴン,神奈川,163cm,カワサキ,z900RS,2022,,,179,src/img/bike_0179.jpg,,,,,2BL-ZR900C,カワサキ,KAWASAKI,日本,Z900RS,,111,20,WMTC値燃費,800,2100,,215,215,装備重量車重,,138.6,,139,希望小売価格,2022,日本仕様,948,cc,MT,4,4st,,,,src/img/bg_large.svg,src/img/back_large.svg,,,https://s3.ap-northeast-1.amazonaws.com/bikedb.com/r7starter/Z900RS.JPG
0180,,,,,〇,,TMR07,0076,RB,2025/01/12,,,,,,@ちはらん,山梨,168cm,カワサキ,Ninja ZX-4R SE,2024,,,180,src/img/bike_0180.jpg,,,,,8BL-ZX400P,カワサキ,KAWASAKI,日本,Ninja ZX-4R SE,,77,20,WMTC値燃費,800,1990,,190,190,装備重量車重,,112.2,,112,希望小売価格,2024,日本仕様,399,cc,MT,4,4st,,,,src/img/bg_medium.svg,src/img/back_medium.svg,,,https://s3.ap-northeast-1.amazonaws.com/bikedb.com/r7starter/NinjaZX-4RSE.JPG
0181,,,,,〇,,TMR07,0077,RB,2025/01/12,,,,,,@さとー,神奈川,166cm,スズキ,刀,1994,,,181,src/img/bike_0181.jpg,,,,,GU76A,スズキ,SUZUKI,日本,KATANA,,95,16,WMTC値燃費,775,2250,,254,254,装備重量車重,,89.9,,90,希望小売価格,1994,日本仕様,1074,cc,MT,4,4st,,,,src/img/bg_large.svg,src/img/back_large.svg,,,https://s3.ap-northeast-1.amazonaws.com/bikedb.com/r7starter/KATANA.JPG
0182,,,,,〇,,TMR07,0078,RB,2025/01/12,,,,,,@やっさん,神奈川,176cm,カワサキ,GPZ900R,1999,,,182,src/img/bike_0182.jpg,,,,,,カワサキ,KAWASAKI,日本,GPZ900R,,86,15,実燃費（投稿サイト情報）,790,2220,,255,255,装備重量車重,,79.9,,80,希望小売価格,1999,日本仕様,908,cc,MT,4,4st,,,,src/img/bg_large.svg,src/img/back_large.svg,,,https://s3.ap-northeast-1.amazonaws.com/bikedb.com/r7starter/GPZ900R.JPG
0183,,,,,〇,,TMR07,0079,RB,2025/01/12,,,,,,@さかき,山梨,174cm,カワサキ,GSX1300R隼,2022,,,183,src/img/bike_0183.jpg,,,,,,カワサキ,KAWASAKI,日本,GSX1300R Hayabusa,,188,15,WMTC値燃費,800,2180,,264,264,装備重量車重,,215.6,,216,希望小売価格,2022,日本仕様,1339,cc,MT,4,4st,,,,src/img/bg_large.svg,src/img/back_large.svg,,,https://s3.ap-northeast-1.amazonaws.com/bikedb.com/r7starter/GSX1300R%E9%9A%BC.JPG
0184,,,,,〇,,TMR07,0080,RB,2025/01/12,,,,,,@マサ,東京,180cm,カワサキ,VERSYS-X 250 ABS,2017,,,184,src/img/bike_0184.jpg,,,,,,カワサキ,KAWASAKI,日本,Versys-X 250,,33,25,WMTC値燃費,815,2170,,175,175,装備重量車重,,58.3,,58,希望小売価格,2017,日本仕様,248,cc,MT,2,4st,,,,src/img/bg_medium.svg,src/img/back_medium.svg,,,https://s3.ap-northeast-1.amazonaws.com/bikedb.com/r7starter/VERSYS-X250ABS.JPG
0185,,,,,〇,,TMR07,0081,RB,2025/01/12,,,,,,@オーデナンスライダー,神奈川,167cm,カワサキ,Ninja H2SXSE+,2020,,,185,src/img/bike_0185.jpg,,,,,,カワサキ,KAWASAKI,日本,Ninja H2 SX SE+,,200,18,WMTC値燃費,820,2135,,262,262,装備重量車重,,282.7,,283,希望小売価格,2020,日本仕様,998,cc,MT,4,4st,,,,src/img/bg_large.svg,src/img/back_large.svg,,,https://s3.ap-northeast-1.amazonaws.com/bikedb.com/r7starter/NinjaH2SXSE%2B.JPG
0186,,,,,〇,,TMR07,0082,RB,2025/05/25,,,,,,@サガ,東京,177cm,ホンダ,CB1000 HORNET SP,2025,,,,src/img/bike_0186.jpg,,,,,,ホンダ,HONDA,日本,CB1000 HORNET SP,,158,18,WMTC値燃費,809,2140,,212,212,装備重量車重,,158.4,,158,希望小売価格,2025,日本仕様,999,cc,MT,4,4st,,,,src/img/bg_large.svg,src/img/back_large.svg,,,
0187,,,,,〇,,TMR07,0083,RB,2025/05/25,,,,,,@エミ,東京,159cm,MVアグスタ,ブルターレ800RRアメリカ ,2020,,,,src/img/bike_0187.jpg,,,,,,MVアグスタ,MV AGUSTA,イタリア,BRUTALE 800 RR,アメリカ,142,14,実燃費（投稿サイト情報）,830,2045,175,,175,乾燥重量車重,,226.8,,227,希望小売価格,2020,※海外メーカーモデル,798,cc,MT,3,4st,,,,src/img/bg_large.svg,src/img/back_large.svg,,,
0188,,,,,〇,,TMR07,0084,RB,2025/05/25,,,,,,@エミ,東京,159cm,ホンダ,レブル250SE,2023,,,,src/img/bike_0188.jpg,,,,,8BK-MC49,ホンダ,HONDA,日本,REBEL 250 S Edition,,26,34,WMTC値燃費,690,2205,,172,172,装備重量車重,,64.9,,65,希望小売価格,2023,日本仕様,249,cc,MT,1,4st,,,,src/img/bg_medium.svg,src/img/back_medium.svg,,,
,,,,,,,,,,,,,,,,,,,,,,,,,,,,,,,,,,,,,,,,,,,,,,,,,,,,,,,,,,,,,,,,
,,,,,,,,,,,,,,,,メモUG ロイヤルエンフィールド反省　撮影終わったら、整理番号付きのエントリー方法手渡すとかの方が良かったかも,,,,,,,,,,,,,,,,,,,,,,,,,,,,,,,,,,,,,,,,,,,,,,,,
,,,,,,,,,,,,,,,,メモUG ロイヤルエンフィールド反省　写真撮る時に整理番号持ってもらうとか、ヒント欲しかった。カメラのタイムさタンプ伝えるのでもいいこさのかも,,,,,,,,,,,,,,,,,,,,,,,,,,,,,,,,,,,,,,,,,,,,,,,,
,,,,,,,,,,,,,,,,,,,,,,,,,,,,,,,,,,,,,,,,,,,,,,,,,,,,,,,,,,,,,,,,
,,,,,,,,,,2023/04/18,,,https://twitter.com/tetumaKUN3344,https://twitter.com/tetumaKUN3344/status/1648272223327907846?s=20,,,,,回答待ち,,,,,,,,,,,,,,,,,,,,,,,,,,,,,,,,,,,,,,,,,,,,,